OPP-00001,3,83,6,2023-08-20,2023-10-11,Qualification,50,39740,0.04
OPP-00002,10,12,5,2024-07-10,2024-09-11,Prospecting,90,24255,0.14
OPP-00003,15,12,13,2024-06-17,2024-10-31,Negotiation,25,6302,0.06
OPP-00004,6,66,6,2023-03-17,2023-05-10,Negotiation,75,55636,0.03
OPP-00005,12,100,20,2023-06-13,2023-09-17,Closed Won,100,46040,0.04
OPP-00006,13,9,20,2023-09-21,2024-02-08,Prospecting,75,17265,0.2
OPP-00007,10,37,1,2023-11-22,2024-04-23,Prospecting,75,65984,0.0
OPP-00008,2,92,2,2023-09-02,2023-12-29,Qualification,50,96660,0.12
OPP-00009,8,69,12,2023-02-06,2023-04-04,Negotiation,25,48915,0.03
OPP-00010,13,94,10,2024-08-20,2025-01-03,Closed Lost,0,66780,0.01
OPP-00011,3,20,7,2023-09-01,2024-02-08,Qualification,50,43162,0.02
OPP-00012,12,84,1,2024-09-04,2025-02-18,Closed Won,100,57736,0.2
OPP-00013,4,20,4,2023-10-19,2024-02-07,Closed Won,100,16352,0.06
OPP-00014,5,72,18,2024-08-27,2024-10-29,Prospecting,75,5957,0.17
OPP-00015,7,24,16,2024-03-20,2024-06-21,Prospecting,75,29604,0.15
OPP-00016,9,42,18,2023-12-10,2024-01-03,Negotiation,75,5957,0.02
OPP-00017,9,29,3,2024-05-08,2024-08-12,Negotiation,10,12498,0.03
OPP-00018,1,62,12,2023-08-01,2023-08-22,Negotiation,90,68481,0.0
OPP-00019,5,58,9,2023-12-19,2024-06-15,Negotiation,90,47394,0.08
OPP-00020,2,55,12,2023-05-18,2023-08-29,Negotiation,10,9783,0.0
OPP-00021,10,35,6,2023-11-14,2024-03-12,Negotiation,75,63584,0.11
OPP-00022,10,86,12,2024-07-10,2024-09-29,Closed Lost,0,88047,0.01
OPP-00023,12,16,17,2023-04-09,2023-06-20,Prospecting,90,23768,0.15
OPP-00024,3,64,4,2023-06-25,2023-12-05,Closed Lost,0,73584,0.01
OPP-00025,13,62,19,2023-01-29,2023-04-30,Prospecting,75,17352,0.14
OPP-00026,9,65,17,2023-05-19,2023-07-12,Proposal,75,5942,0.01
OPP-00027,2,18,13,2024-08-11,2024-11-26,Prospecting,90,25208,0.14
OPP-00028,11,34,4,2023-12-28,2024-03-18,Proposal,75,24528,0.03
OPP-00029,12,51,19,2023-02-26,2023-04-18,Closed Won,100,60732,0.19
OPP-00030,1,66,11,2023-06-06,2023-10-01,Prospecting,10,52530,0.12
OPP-00031,6,22,4,2023-10-22,2024-03-13,Qualification,25,8176,0.07
OPP-00032,11,79,5,2023-01-24,2023-02-26,Proposal,50,21560,0.14
OPP-00033,11,32,20,2023-12-10,2024-01-13,Proposal,90,23020,0.04
OPP-00034,14,13,14,2023-03-03,2023-08-24,Prospecting,25,36372,0.09
OPP-00035,14,79,8,2023-09-21,2024-01-02,Qualification,25,20643,0.09
OPP-00036,6,21,19,2024-05-09,2024-08-11,Proposal,90,78084,0.05
OPP-00037,8,48,12,2024-05-06,2024-06-10,Closed Lost,0,9783,0.19
OPP-00038,10,72,17,2023-10-18,2023-12-08,Prospecting,10,5942,0.13
OPP-00039,4,23,3,2023-09-22,2023-11-27,Closed Won,100,41660,0.07
OPP-00040,13,27,8,2023-06-20,2023-08-13,Qualification,10,61929,0.01
OPP-00041,5,69,5,2023-01-28,2023-04-22,Prospecting,75,24255,0.13
OPP-00042,14,29,19,2024-05-18,2024-09-30,Negotiation,75,86760,0.16
OPP-00043,13,47,17,2023-09-16,2023-10-04,Proposal,10,5942,0.2
OPP-00044,12,15,3,2024-01-19,2024-06-28,Proposal,75,8332,0.17
OPP-00045,7,3,3,2024-01-29,2024-04-02,Qualification,50,29162,0.06
OPP-00046,1,49,19,2024-11-16,2025-01-30,Prospecting,25,52056,0.14
OPP-00047,9,28,8,2023-05-01,2023-05-24,Closed Won,100,34405,0.03
OPP-00048,12,32,10,2024-01-14,2024-04-19,Negotiation,75,59360,0.1
OPP-00049,12,64,2,2023-04-02,2023-09-02,Negotiation,25,9666,0.13
OPP-00050,13,87,3,2023-12-26,2024-02-17,Qualification,50,33328,0.06
OPP-00051,1,21,17,2024-11-19,2025-05-10,Qualification,90,26739,0.03
OPP-00052,12,15,18,2024-05-25,2024-11-15,Negotiation,50,5957,0.16
OPP-00053,2,56,10,2023-11-16,2023-12-09,Qualification,50,44520,0.13
OPP-00054,14,75,3,2024-02-03,2024-04-18,Negotiation,25,16664,0.06
OPP-00055,8,40,6,2023-03-03,2023-08-23,Closed Won,100,31792,0.1
OPP-00056,2,85,6,2023-10-20,2024-01-01,Prospecting,10,71532,0.15
OPP-00057,13,95,20,2023-09-25,2023-10-08,Qualification,10,23020,0.11
OPP-00058,10,49,8,2023-04-07,2023-09-30,Proposal,10,48167,0.05
OPP-00059,12,10,20,2023-01-08,2023-04-01,Qualification,90,5755,0.07
OPP-00060,7,67,11,2024-04-20,2024-08-11,Closed Lost,0,87550,0.2
OPP-00061,6,95,16,2024-07-05,2024-10-03,Negotiation,90,29604,0.14
OPP-00062,14,30,15,2023-08-29,2024-01-23,Proposal,10,56862,0.11
OPP-00063,2,33,18,2024-02-13,2024-08-05,Closed Lost,0,3404,0.18
OPP-00064,15,32,14,2023-02-05,2023-04-18,Qualification,25,18186,0.14
OPP-00065,15,45,20,2024-10-03,2025-01-17,Closed Lost,0,40285,0.06
OPP-00066,4,49,4,2023-08-02,2023-10-04,Qualification,50,16352,0.17
OPP-00067,15,32,9,2023-10-25,2024-03-08,Qualification,90,31596,0.19
OPP-00068,2,5,1,2023-09-30,2023-11-25,Proposal,10,82480,0.07
OPP-00069,11,100,8,2023-04-19,2023-10-11,Negotiation,10,13762,0.08
OPP-00070,6,19,12,2024-07-22,2024-08-24,Proposal,75,39132,0.19
OPP-00071,13,54,14,2024-08-04,2024-11-16,Qualification,10,24248,0.11
OPP-00072,4,38,1,2024-01-30,2024-03-24,Proposal,90,65984,0.08
OPP-00073,8,10,6,2023-11-04,2023-12-04,Qualification,75,39740,0.07
OPP-00074,6,36,15,2024-07-05,2024-09-15,Prospecting,50,28431,0.14
OPP-00075,1,84,3,2023-10-28,2024-03-27,Qualification,25,4166,0.02
OPP-00076,4,39,3,2024-07-26,2024-10-31,Prospecting,25,4166,0.03
OPP-00077,3,55,4,2024-10-30,2024-12-27,Closed Lost,0,32704,0.13
OPP-00078,1,72,19,2023-05-29,2023-06-09,Negotiation,25,8676,0.08
OPP-00079,12,42,4,2024-04-11,2024-07-10,Qualification,75,16352,0.14
OPP-00080,1,2,17,2023-11-09,2024-04-29,Closed Won,100,20797,0.16
OPP-00081,5,91,20,2023-11-24,2024-02-24,Proposal,75,5755,0.01
OPP-00082,14,60,5,2024-04-25,2024-07-06,Qualification,25,18865,0.13
OPP-00083,8,25,2,2024-06-01,2024-07-09,Prospecting,75,19332,0.05
OPP-00084,9,77,15,2024-08-11,2024-10-14,Prospecting,75,18954,0.01
OPP-00085,9,35,9,2023-06-17,2023-09-27,Prospecting,50,15798,0.09
OPP-00086,2,13,19,2024-07-26,2024-09-26,Qualification,75,78084,0.07
OPP-00087,5,89,8,2023-03-12,2023-03-27,Proposal,75,68810,0.15
OPP-00088,6,79,8,2023-04-13,2023-10-05,Negotiation,90,41286,0.12
OPP-00089,3,60,2,2023-04-18,2023-08-28,Negotiation,50,77328,0.04
OPP-00090,10,17,19,2024-09-08,2024-12-17,Proposal,50,43380,0.14
OPP-00091,9,51,8,2023-09-16,2023-09-29,Closed Won,100,55048,0.02
OPP-00092,10,75,14,2023-06-19,2023-10-12,Qualification,10,36372,0.14
OPP-00093,14,38,1,2024-07-18,2024-10-17,Prospecting,90,82480,0.06
OPP-00094,11,55,20,2024-08-27,2024-12-18,Closed Won,100,46040,0.16
OPP-00095,1,40,4,2024-06-30,2024-08-27,Negotiation,75,40880,0.16
OPP-00096,7,33,18,2023-12-30,2024-05-14,Closed Lost,0,2553,0.14
OPP-00097,6,38,6,2023-09-29,2024-02-19,Prospecting,75,31792,0.19
OPP-00098,2,31,10,2023-09-09,2023-10-25,Qualification,90,7420,0.2
OPP-00099,1,61,15,2024-04-10,2024-09-03,Proposal,50,94770,0.05
OPP-00100,15,64,20,2023-08-22,2024-01-10,Qualification,90,28775,0.09
OPP-00101,15,4,2,2024-10-01,2025-03-17,Qualification,75,38664,0.07
OPP-00102,2,91,7,2024-11-04,2025-02-14,Closed Won,100,24664,0.09
OPP-00103,14,52,19,2024-05-12,2024-06-10,Proposal,25,69408,0.07
OPP-00104,2,17,1,2024-03-14,2024-08-12,Proposal,75,24744,0.18
OPP-00105,14,94,15,2023-06-20,2023-08-19,Closed Won,100,56862,0.11
OPP-00106,5,14,6,2024-07-24,2024-09-14,Qualification,10,39740,0.0
OPP-00107,12,4,1,2023-03-17,2023-07-24,Closed Won,100,74232,0.05
OPP-00108,15,99,15,2024-10-30,2025-04-07,Qualification,25,56862,0.0
OPP-00109,10,81,17,2024-03-10,2024-05-22,Proposal,90,5942,0.05
OPP-00110,12,11,12,2023-03-29,2023-05-09,Prospecting,50,68481,0.15
OPP-00111,1,80,20,2023-09-21,2024-03-04,Negotiation,90,34530,0.19
OPP-00112,13,65,19,2024-02-28,2024-04-30,Qualification,10,78084,0.05
OPP-00113,3,16,2,2024-07-22,2025-01-15,Negotiation,25,96660,0.19
OPP-00114,10,34,11,2023-05-20,2023-08-17,Proposal,10,70040,0.09
OPP-00115,1,73,1,2023-02-22,2023-03-12,Qualification,10,74232,0.12
OPP-00116,3,53,20,2023-05-11,2023-10-30,Proposal,75,5755,0.19
OPP-00117,7,24,16,2023-11-24,2024-04-25,Qualification,50,34538,0.11
OPP-00118,3,26,10,2024-07-25,2024-08-14,Qualification,10,29680,0.13
OPP-00119,8,66,10,2023-06-19,2023-09-23,Closed Won,100,29680,0.04
OPP-00120,13,60,19,2023-02-24,2023-05-30,Prospecting,75,34704,0.08
OPP-00121,9,37,6,2023-11-14,2023-12-02,Proposal,25,31792,0.03
OPP-00122,11,73,3,2023-02-14,2023-07-01,Proposal,10,37494,0.1
OPP-00123,1,50,18,2024-01-28,2024-03-31,Proposal,90,3404,0.02
OPP-00124,8,6,16,2024-03-17,2024-07-23,Qualification,50,9868,0.18
OPP-00125,1,50,6,2024-02-10,2024-03-19,Proposal,50,71532,0.19
OPP-00126,7,77,4,2023-07-24,2023-09-23,Prospecting,75,57232,0.02
OPP-00127,7,49,3,2023-03-02,2023-07-10,Closed Won,100,20830,0.17
OPP-00128,6,36,10,2024-11-02,2025-04-15,Closed Won,100,74200,0.03
OPP-00129,1,82,19,2023-05-07,2023-07-04,Negotiation,50,8676,0.17
OPP-00130,7,98,20,2024-08-14,2025-01-25,Prospecting,75,17265,0.17
OPP-00131,12,8,3,2024-07-09,2024-10-04,Proposal,50,41660,0.07
OPP-00132,2,32,17,2023-10-11,2024-01-30,Qualification,90,17826,0.14
OPP-00133,4,10,18,2024-11-04,2025-01-07,Negotiation,25,6808,0.05
OPP-00134,10,45,6,2024-11-26,2025-03-11,Closed Won,100,23844,0.05
OPP-00135,4,7,11,2024-10-02,2025-03-04,Prospecting,75,78795,0.13
OPP-00136,8,98,1,2023-06-15,2023-11-25,Prospecting,50,57736,0.17
OPP-00137,15,47,6,2024-07-19,2024-11-09,Prospecting,10,39740,0.02
OPP-00138,7,27,6,2024-05-07,2024-08-02,Closed Won,100,63584,0.2
OPP-00139,4,78,1,2024-03-18,2024-06-09,Qualification,10,32992,0.01
OPP-00140,6,7,3,2023-11-30,2024-03-17,Prospecting,90,37494,0.1
OPP-00141,15,56,7,2023-08-29,2023-12-20,Qualification,75,24664,0.15
OPP-00142,6,25,10,2024-03-25,2024-06-23,Qualification,25,74200,0.13
OPP-00143,11,8,9,2023-06-02,2023-07-18,Negotiation,25,31596,0.02
OPP-00144,1,17,5,2023-04-28,2023-08-13,Negotiation,10,16170,0.02
OPP-00145,10,73,18,2023-02-16,2023-02-27,Qualification,75,2553,0.19
OPP-00146,13,17,14,2023-08-01,2023-09-20,Closed Lost,0,12124,0.2
OPP-00147,7,79,16,2023-10-07,2024-02-19,Negotiation,50,29604,0.19
OPP-00148,9,82,10,2023-09-03,2023-10-27,Prospecting,75,51940,0.13
OPP-00149,5,20,1,2023-03-13,2023-03-31,Qualification,75,74232,0.11
OPP-00150,6,87,7,2023-09-24,2024-03-11,Prospecting,75,36996,0.05
OPP-00151,2,52,2,2023-08-03,2023-10-20,Prospecting,25,86994,0.02
OPP-00152,5,21,6,2023-06-14,2023-09-26,Negotiation,90,31792,0.03
OPP-00153,1,96,11,2023-03-31,2023-09-09,Closed Won,100,78795,0.06
OPP-00154,12,65,9,2023-03-11,2023-08-16,Prospecting,90,39495,0.2
OPP-00155,9,76,11,2023-10-25,2024-03-01,Qualification,25,87550,0.12
OPP-00156,1,27,8,2023-08-21,2023-10-31,Proposal,25,13762,0.08
OPP-00157,9,2,13,2024-11-05,2025-02-23,Closed Won,100,3151,0.13
OPP-00158,3,52,7,2024-06-08,2024-08-07,Negotiation,10,12332,0.02
OPP-00159,8,72,1,2023-07-30,2023-09-11,Closed Won,100,8248,0.18
OPP-00160,15,61,15,2024-01-02,2024-03-20,Closed Won,100,94770,0.19
OPP-00161,5,43,2,2023-04-15,2023-09-23,Proposal,50,38664,0.13
OPP-00162,9,44,8,2024-03-14,2024-04-26,Closed Lost,0,20643,0.0
OPP-00163,13,56,3,2024-06-10,2024-06-27,Prospecting,75,12498,0.19
OPP-00164,8,79,6,2024-07-14,2024-11-02,Proposal,50,23844,0.16
OPP-00165,2,55,3,2023-08-04,2023-10-23,Qualification,50,12498,0.03
OPP-00166,8,73,8,2023-06-28,2023-08-29,Qualification,90,61929,0.18
OPP-00167,2,14,3,2024-09-02,2025-01-07,Qualification,90,8332,0.0
OPP-00168,11,36,5,2024-03-25,2024-07-31,Qualification,75,8085,0.12
OPP-00169,14,37,19,2023-09-21,2023-10-25,Proposal,25,69408,0.14
OPP-00170,12,90,16,2023-04-15,2023-08-31,Prospecting,90,39472,0.12
OPP-00171,14,23,18,2023-04-23,2023-07-02,Qualification,25,851,0.08
OPP-00172,11,6,8,2023-11-01,2024-01-01,Prospecting,25,20643,0.18
OPP-00173,4,87,6,2023-03-01,2023-06-06,Closed Won,100,55636,0.14
OPP-00174,3,50,2,2024-04-07,2024-07-31,Closed Won,100,86994,0.12
OPP-00175,9,60,20,2024-04-25,2024-08-29,Negotiation,10,28775,0.18
OPP-00176,6,66,9,2023-06-17,2023-06-28,Prospecting,75,71091,0.17
OPP-00177,1,6,11,2023-03-17,2023-04-09,Negotiation,10,26265,0.15
OPP-00178,1,47,6,2023-04-19,2023-10-07,Qualification,25,15896,0.02
OPP-00179,1,25,16,2024-05-25,2024-08-12,Qualification,75,34538,0.0
OPP-00180,10,73,3,2023-03-22,2023-08-22,Closed Won,100,37494,0.09
OPP-00181,14,62,5,2024-05-01,2024-07-12,Proposal,50,26950,0.18
OPP-00182,7,95,12,2023-02-24,2023-06-21,Prospecting,90,68481,0.11
OPP-00183,15,10,14,2024-06-20,2024-12-03,Qualification,75,30310,0.12
OPP-00184,3,59,16,2024-10-17,2024-11-07,Proposal,75,19736,0.05
OPP-00185,1,81,8,2023-07-22,2023-08-14,Closed Won,100,27524,0.1
OPP-00186,2,73,6,2023-09-16,2024-01-20,Negotiation,90,63584,0.01
OPP-00187,9,68,19,2023-11-21,2023-12-10,Closed Won,100,8676,0.11
OPP-00188,2,1,12,2024-04-11,2024-04-21,Negotiation,10,58698,0.02
OPP-00189,15,12,14,2024-06-30,2024-10-12,Negotiation,90,48496,0.16
OPP-00190,6,12,5,2023-08-25,2023-09-15,Closed Won,100,24255,0.2
OPP-00191,9,44,19,2023-07-16,2023-11-06,Proposal,10,69408,0.17
OPP-00192,12,58,16,2024-07-04,2024-10-23,Closed Lost,0,4934,0.19
OPP-00193,15,90,13,2023-03-22,2023-04-26,Prospecting,25,25208,0.2
OPP-00194,5,77,3,2023-02-12,2023-06-09,Closed Won,100,37494,0.07
OPP-00195,7,81,7,2024-08-11,2024-12-01,Proposal,90,18498,0.03
OPP-00196,3,14,18,2024-06-24,2024-08-16,Prospecting,50,2553,0.18
OPP-00197,3,22,8,2024-02-23,2024-06-07,Prospecting,10,6881,0.09
OPP-00198,2,12,3,2023-07-04,2023-10-22,Qualification,75,4166,0.09
OPP-00199,4,97,10,2024-07-15,2024-09-23,Qualification,75,22260,0.19
OPP-00200,5,64,14,2023-07-14,2023-10-02,Proposal,90,42434,0.19
OPP-00201,6,64,5,2023-07-23,2023-12-19,Negotiation,10,26950,0.16
OPP-00202,6,100,17,2024-05-02,2024-05-27,Closed Won,100,8913,0.17
OPP-00203,7,3,4,2023-01-23,2023-05-10,Closed Won,100,73584,0.16
OPP-00204,5,76,12,2024-04-18,2024-05-13,Proposal,75,78264,0.08
OPP-00205,6,40,20,2023-06-08,2023-10-05,Proposal,75,11510,0.01
OPP-00206,6,30,18,2024-10-17,2025-03-30,Closed Won,100,4255,0.2
OPP-00207,7,39,9,2023-09-20,2024-02-29,Closed Lost,0,23697,0.15
OPP-00208,5,14,9,2023-12-29,2024-05-14,Qualification,10,31596,0.06
OPP-00209,14,14,8,2024-06-19,2024-10-04,Closed Won,100,61929,0.19
OPP-00210,2,85,13,2023-11-19,2024-03-13,Proposal,50,22057,0.0
OPP-00211,10,66,3,2024-04-27,2024-10-04,Proposal,90,20830,0.12
OPP-00212,10,44,14,2024-02-09,2024-04-16,Closed Won,100,60620,0.18
OPP-00213,9,55,7,2023-05-27,2023-09-11,Proposal,50,43162,0.02
OPP-00214,7,49,1,2023-03-01,2023-07-25,Negotiation,10,24744,0.12
OPP-00215,14,88,10,2024-10-06,2024-11-17,Proposal,50,22260,0.11
OPP-00216,12,43,12,2023-04-07,2023-08-28,Prospecting,25,39132,0.04
OPP-00217,1,75,19,2024-08-05,2024-11-15,Closed Won,100,52056,0.18
OPP-00218,9,58,5,2023-01-09,2023-01-23,Qualification,75,8085,0.06
OPP-00219,3,59,8,2024-10-10,2025-02-11,Qualification,50,41286,0.14
OPP-00220,6,68,16,2023-11-27,2023-12-07,Proposal,25,39472,0.08
OPP-00221,13,97,14,2024-10-31,2024-12-18,Proposal,75,48496,0.15
OPP-00222,2,33,2,2023-10-22,2024-03-21,Closed Won,100,28998,0.01
OPP-00223,11,3,11,2024-08-19,2024-10-30,Qualification,10,70040,0.02
OPP-00224,5,48,10,2024-11-29,2024-12-25,Closed Won,100,44520,0.16
OPP-00225,12,28,6,2023-09-02,2024-01-10,Closed Won,100,47688,0.0
OPP-00226,6,54,4,2023-04-27,2023-09-22,Qualification,10,49056,0.01
OPP-00227,4,69,5,2023-12-06,2024-04-27,Closed Won,100,18865,0.13
OPP-00228,15,10,18,2023-10-26,2023-11-29,Qualification,10,1702,0.06
OPP-00229,8,3,19,2024-07-11,2024-10-12,Qualification,90,78084,0.18
OPP-00230,10,66,16,2023-12-08,2024-05-18,Qualification,25,19736,0.02
OPP-00231,2,37,9,2023-04-26,2023-07-18,Closed Lost,0,23697,0.01
OPP-00232,13,23,4,2023-02-28,2023-08-22,Closed Won,100,24528,0.09
OPP-00233,11,66,11,2023-01-13,2023-05-12,Qualification,10,8755,0.03
OPP-00234,12,8,16,2024-10-26,2025-02-10,Proposal,10,4934,0.18
OPP-00235,7,97,12,2024-04-01,2024-09-14,Proposal,10,48915,0.1
OPP-00236,15,32,6,2023-12-26,2024-02-29,Negotiation,90,15896,0.09
OPP-00237,11,27,3,2024-05-26,2024-07-25,Closed Won,100,4166,0.01
OPP-00238,1,8,18,2024-08-26,2024-11-24,Qualification,50,4255,0.05
OPP-00239,13,14,5,2023-06-08,2023-07-29,Closed Won,100,8085,0.15
OPP-00240,13,61,19,2024-02-26,2024-08-13,Proposal,10,26028,0.05
OPP-00241,13,94,1,2024-06-18,2024-07-23,Prospecting,25,24744,0.05
OPP-00242,2,45,1,2023-02-01,2023-03-22,Negotiation,90,41240,0.19
OPP-00243,6,78,4,2023-05-06,2023-10-08,Prospecting,50,24528,0.1
OPP-00244,13,57,12,2023-10-19,2023-11-19,Qualification,10,9783,0.19
OPP-00245,10,33,10,2024-03-16,2024-03-29,Negotiation,90,29680,0.17
OPP-00246,12,5,4,2024-08-06,2024-11-19,Proposal,50,16352,0.14
OPP-00247,11,6,9,2024-04-29,2024-05-17,Closed Won,100,55293,0.07
OPP-00248,6,97,19,2024-01-13,2024-03-30,Proposal,90,17352,0.11
OPP-00249,7,66,9,2024-05-29,2024-07-07,Qualification,90,78990,0.15
OPP-00250,13,1,17,2024-02-14,2024-06-10,Closed Won,100,8913,0.03
OPP-00251,8,16,2,2023-01-15,2023-02-05,Qualification,25,86994,0.01
OPP-00252,3,42,15,2023-05-15,2023-08-14,Qualification,25,66339,0.19
OPP-00253,10,8,5,2023-10-16,2024-02-29,Proposal,75,13475,0.1
OPP-00254,4,25,8,2024-09-26,2024-11-15,Prospecting,75,48167,0.19
OPP-00255,12,81,12,2024-06-07,2024-08-28,Negotiation,25,48915,0.08
OPP-00256,14,50,7,2023-02-24,2023-06-25,Qualification,50,49328,0.01
OPP-00257,2,44,8,2023-09-04,2023-12-17,Proposal,25,6881,0.01
OPP-00258,13,43,6,2023-08-23,2024-01-04,Prospecting,75,71532,0.08
OPP-00259,11,57,4,2023-12-17,2023-12-31,Closed Lost,0,65408,0.05
OPP-00260,7,65,3,2023-02-14,2023-08-09,Prospecting,50,16664,0.03
OPP-00261,7,52,9,2023-01-06,2023-06-19,Negotiation,50,23697,0.17
OPP-00262,15,34,2,2023-03-23,2023-04-11,Closed Won,100,57996,0.03
OPP-00263,6,17,18,2023-03-08,2023-04-15,Qualification,50,2553,0.13
OPP-00264,2,90,2,2023-02-28,2023-07-08,Negotiation,25,86994,0.09
OPP-00265,14,85,11,2023-09-04,2024-01-28,Prospecting,90,87550,0.0
OPP-00266,6,78,1,2023-07-26,2023-11-06,Proposal,50,8248,0.05
OPP-00267,7,92,18,2023-04-30,2023-09-21,Qualification,50,1702,0.08
OPP-00268,8,75,2,2023-08-10,2023-12-31,Prospecting,75,19332,0.0
OPP-00269,11,96,9,2024-03-17,2024-08-18,Closed Won,100,47394,0.14
OPP-00270,12,41,7,2023-06-19,2023-08-17,Qualification,50,55494,0.1
OPP-00271,15,24,2,2024-10-06,2025-02-27,Proposal,75,86994,0.01
OPP-00272,12,59,17,2023-10-20,2023-12-21,Closed Lost,0,17826,0.1
OPP-00273,11,72,20,2024-01-20,2024-06-24,Closed Won,100,17265,0.07
OPP-00274,12,79,13,2024-08-28,2025-01-27,Closed Won,100,28359,0.13
OPP-00275,11,27,13,2024-03-02,2024-07-18,Proposal,10,22057,0.03
OPP-00276,9,50,18,2024-03-12,2024-07-05,Negotiation,75,7659,0.08
OPP-00277,8,26,6,2024-06-09,2024-11-21,Prospecting,75,47688,0.13
OPP-00278,12,24,15,2024-10-17,2025-03-16,Closed Won,100,47385,0.0
OPP-00279,14,100,2,2024-10-02,2025-01-03,Closed Won,100,77328,0.04
OPP-00280,5,87,20,2024-08-22,2024-11-05,Proposal,75,28775,0.15
OPP-00281,6,52,20,2023-07-28,2023-09-10,Negotiation,50,5755,0.13
OPP-00282,4,25,3,2023-07-28,2024-01-06,Proposal,10,8332,0.07
OPP-00283,3,54,6,2023-11-28,2023-12-10,Negotiation,25,79480,0.02
OPP-00284,12,27,7,2023-05-23,2023-10-23,Proposal,10,30830,0.15
OPP-00285,8,44,3,2023-06-26,2023-12-18,Proposal,10,41660,0.03
OPP-00286,12,46,1,2023-09-06,2023-12-27,Closed Won,100,8248,0.2
OPP-00287,10,7,9,2023-01-01,2023-02-27,Qualification,90,63192,0.07
OPP-00288,2,24,16,2023-05-20,2023-10-25,Prospecting,50,29604,0.06
OPP-00289,2,61,3,2024-09-24,2024-11-13,Proposal,75,41660,0.05
OPP-00290,10,64,13,2023-04-26,2023-08-28,Closed Won,100,12604,0.18
OPP-00291,13,7,12,2023-06-27,2023-09-11,Closed Won,100,39132,0.1
OPP-00292,11,6,1,2024-09-10,2024-12-22,Prospecting,50,49488,0.0
OPP-00293,8,24,14,2024-05-23,2024-11-03,Qualification,50,36372,0.04
OPP-00294,15,63,5,2024-03-16,2024-06-10,Closed Lost,0,13475,0.09
OPP-00295,15,55,6,2023-10-03,2023-12-08,Closed Won,100,31792,0.13
OPP-00296,7,15,9,2024-05-14,2024-08-19,Negotiation,90,31596,0.0
OPP-00297,14,66,8,2023-08-02,2023-11-26,Prospecting,75,55048,0.2
OPP-00298,6,75,14,2024-06-07,2024-11-22,Negotiation,90,12124,0.07
OPP-00299,8,62,9,2023-06-16,2023-11-02,Prospecting,25,23697,0.0
OPP-00300,14,15,10,2024-04-07,2024-08-23,Negotiation,50,44520,0.06
OPP-00301,15,18,10,2023-06-12,2023-10-11,Proposal,10,7420,0.07
OPP-00302,12,71,9,2024-03-21,2024-06-22,Closed Lost,0,63192,0.11
OPP-00303,12,54,7,2023-10-31,2024-03-03,Proposal,10,36996,0.13
OPP-00304,3,86,18,2024-02-24,2024-08-22,Qualification,10,1702,0.03
OPP-00305,14,85,3,2024-09-15,2025-02-03,Proposal,50,16664,0.06
OPP-00306,9,61,16,2024-10-21,2024-11-10,Prospecting,75,39472,0.01
OPP-00307,8,54,19,2023-03-13,2023-05-17,Prospecting,90,52056,0.1
OPP-00308,9,79,2,2023-06-26,2023-12-04,Proposal,75,67662,0.11
OPP-00309,14,94,14,2023-08-04,2023-11-16,Closed Won,100,36372,0.18
OPP-00310,4,89,15,2024-06-28,2024-12-09,Proposal,10,37908,0.11
OPP-00311,10,68,7,2023-11-14,2023-12-21,Closed Lost,0,24664,0.19
OPP-00312,9,90,1,2023-08-27,2023-12-18,Prospecting,50,41240,0.07
OPP-00313,3,53,15,2024-01-11,2024-05-06,Proposal,90,66339,0.19
OPP-00314,2,24,20,2024-08-26,2024-12-16,Prospecting,50,17265,0.16
OPP-00315,6,14,8,2024-06-03,2024-09-14,Qualification,90,34405,0.08
OPP-00316,14,63,10,2023-03-30,2023-08-27,Prospecting,90,44520,0.1
OPP-00317,11,17,16,2023-01-30,2023-04-29,Qualification,90,29604,0.03
OPP-00318,8,37,13,2023-10-13,2024-04-05,Closed Lost,0,22057,0.1
OPP-00319,13,29,19,2024-01-28,2024-06-26,Qualification,90,17352,0.1
OPP-00320,8,23,17,2023-11-26,2024-01-19,Proposal,75,20797,0.1
OPP-00321,14,41,1,2023-12-04,2024-01-04,Negotiation,75,41240,0.0
OPP-00322,15,11,10,2024-08-04,2024-09-13,Prospecting,10,22260,0.09
OPP-00323,2,60,4,2023-02-23,2023-04-22,Negotiation,50,57232,0.15
OPP-00324,14,17,2,2024-01-05,2024-05-11,Closed Won,100,57996,0.16
OPP-00325,11,58,19,2024-02-23,2024-07-03,Negotiation,75,34704,0.1
OPP-00326,12,44,9,2023-05-20,2023-06-22,Negotiation,25,39495,0.09
OPP-00327,12,66,20,2024-08-02,2024-12-29,Prospecting,25,11510,0.15
OPP-00328,13,73,14,2023-06-17,2023-07-05,Qualification,50,54558,0.02
OPP-00329,11,82,19,2023-11-26,2024-04-22,Qualification,10,69408,0.17
OPP-00330,1,87,3,2023-04-04,2023-08-11,Proposal,10,16664,0.02
OPP-00331,4,23,19,2023-08-04,2023-09-01,Negotiation,25,34704,0.18
OPP-00332,9,80,19,2024-11-16,2025-02-02,Closed Won,100,78084,0.08
OPP-00333,2,40,2,2023-03-16,2023-06-09,Prospecting,90,38664,0.08
OPP-00334,10,96,10,2023-08-01,2024-01-16,Proposal,90,74200,0.11
OPP-00335,12,20,5,2023-10-05,2024-02-10,Prospecting,25,16170,0.2
OPP-00336,3,27,7,2024-03-11,2024-04-04,Closed Won,100,18498,0.11
OPP-00337,15,39,5,2024-05-28,2024-08-28,Qualification,50,26950,0.03
OPP-00338,15,98,18,2023-04-30,2023-10-04,Closed Won,100,4255,0.2
OPP-00339,1,57,6,2023-04-03,2023-04-27,Closed Won,100,55636,0.2
OPP-00340,11,22,5,2024-01-18,2024-04-18,Prospecting,75,18865,0.03
OPP-00341,8,25,7,2024-10-14,2024-12-12,Closed Lost,0,61660,0.15
OPP-00342,6,70,1,2024-06-26,2024-12-18,Proposal,90,41240,0.18
OPP-00343,10,24,16,2023-02-08,2023-04-23,Prospecting,90,19736,0.07
OPP-00344,11,66,1,2023-06-24,2023-08-01,Negotiation,50,16496,0.03
OPP-00345,9,14,14,2023-02-02,2023-03-27,Proposal,10,60620,0.07
OPP-00346,9,79,14,2024-05-02,2024-10-18,Negotiation,50,12124,0.11
OPP-00347,11,33,2,2023-01-23,2023-03-09,Negotiation,10,67662,0.13
OPP-00348,12,62,7,2024-10-07,2024-11-23,Closed Won,100,24664,0.19
OPP-00349,12,95,4,2024-09-06,2024-11-04,Prospecting,25,16352,0.16
OPP-00350,2,57,17,2024-08-17,2024-11-19,Proposal,50,29710,0.12
OPP-00351,10,25,20,2024-08-28,2025-02-23,Qualification,75,34530,0.12
OPP-00352,8,45,9,2023-02-04,2023-05-14,Qualification,10,47394,0.09
OPP-00353,12,7,19,2023-01-13,2023-03-20,Qualification,90,43380,0.02
OPP-00354,6,32,5,2023-07-02,2023-11-13,Proposal,50,2695,0.09
OPP-00355,12,28,14,2024-11-10,2025-01-28,Negotiation,10,6062,0.2
OPP-00356,1,100,5,2024-03-30,2024-05-18,Closed Won,100,2695,0.09
OPP-00357,5,74,14,2023-10-23,2023-12-11,Negotiation,50,36372,0.08
OPP-00358,3,22,4,2023-02-22,2023-03-09,Proposal,25,57232,0.09
OPP-00359,3,32,15,2023-03-09,2023-05-04,Qualification,90,75816,0.17
OPP-00360,13,50,3,2023-11-14,2023-12-05,Qualification,25,37494,0.19
OPP-00361,15,89,8,2024-01-04,2024-05-15,Prospecting,25,55048,0.07
OPP-00362,15,90,6,2023-02-23,2023-04-24,Prospecting,25,71532,0.01
OPP-00363,5,48,14,2023-02-01,2023-03-23,Negotiation,10,18186,0.0
OPP-00364,13,73,19,2024-09-19,2025-01-15,Prospecting,90,17352,0.01
OPP-00365,15,97,16,2023-11-28,2024-03-21,Qualification,50,9868,0.01
OPP-00366,11,80,15,2024-03-20,2024-06-04,Qualification,50,66339,0.2
OPP-00367,5,80,13,2023-01-18,2023-02-20,Closed Won,100,3151,0.04
OPP-00368,11,36,12,2024-04-11,2024-08-11,Closed Won,100,88047,0.1
OPP-00369,11,13,11,2023-12-07,2024-03-23,Closed Lost,0,61285,0.13
OPP-00370,14,20,8,2024-01-23,2024-05-27,Prospecting,75,13762,0.13
OPP-00371,3,39,20,2023-11-21,2024-01-23,Prospecting,50,5755,0.16
OPP-00372,6,63,8,2023-09-02,2023-09-19,Proposal,75,68810,0.06
OPP-00373,9,26,18,2024-07-22,2024-09-05,Qualification,10,5106,0.18
OPP-00374,3,86,19,2023-01-15,2023-04-27,Proposal,75,86760,0.07
OPP-00375,4,37,11,2023-06-19,2023-12-10,Closed Won,100,8755,0.08
OPP-00376,8,54,1,2023-11-12,2024-01-05,Closed Lost,0,16496,0.1
OPP-00377,10,38,20,2023-06-24,2023-11-04,Prospecting,75,40285,0.02
OPP-00378,13,65,1,2024-09-08,2025-01-22,Qualification,50,74232,0.11
OPP-00379,3,31,11,2024-10-05,2024-12-23,Negotiation,75,78795,0.2
OPP-00380,10,14,14,2024-06-09,2024-08-12,Prospecting,90,12124,0.15
OPP-00381,10,63,2,2024-04-01,2024-08-27,Closed Won,100,38664,0.04
OPP-00382,8,42,12,2023-07-12,2023-09-18,Closed Won,100,78264,0.01
OPP-00383,3,53,13,2023-02-04,2023-05-13,Prospecting,75,6302,0.08
OPP-00384,7,31,12,2024-08-17,2024-09-13,Proposal,10,88047,0.0
OPP-00385,2,96,20,2024-05-20,2024-07-24,Negotiation,75,46040,0.2
OPP-00386,13,28,10,2024-06-06,2024-11-08,Closed Won,100,59360,0.02
OPP-00387,9,68,4,2024-04-15,2024-09-01,Closed Won,100,24528,0.03
OPP-00388,13,6,6,2024-07-10,2024-12-06,Qualification,75,31792,0.12
OPP-00389,8,23,5,2023-10-02,2023-10-27,Negotiation,90,18865,0.02
OPP-00390,3,18,4,2023-11-08,2024-02-17,Proposal,50,57232,0.16
OPP-00391,1,76,15,2024-08-18,2024-09-20,Proposal,25,28431,0.04
OPP-00392,4,91,17,2024-02-04,2024-03-29,Qualification,50,29710,0.0
OPP-00393,10,65,6,2024-02-25,2024-06-08,Proposal,50,63584,0.18
OPP-00394,9,85,8,2023-05-08,2023-10-25,Qualification,50,48167,0.17
OPP-00395,10,60,8,2024-11-22,2024-12-05,Negotiation,10,34405,0.15
OPP-00396,3,9,9,2023-08-10,2023-11-14,Proposal,75,47394,0.0
OPP-00397,11,30,1,2023-10-09,2024-03-04,Closed Lost,0,57736,0.0
OPP-00398,2,25,15,2024-02-19,2024-06-26,Prospecting,75,94770,0.14
OPP-00399,12,52,20,2023-08-02,2023-09-27,Closed Lost,0,57550,0.13
OPP-00400,9,53,14,2023-02-23,2023-07-20,Closed Won,100,24248,0.1
OPP-00401,8,58,2,2024-09-03,2025-01-16,Prospecting,75,19332,0.15
OPP-00402,2,95,10,2023-11-02,2023-12-28,Qualification,25,14840,0.06
OPP-00403,15,52,4,2024-10-15,2025-01-11,Negotiation,75,16352,0.19
OPP-00404,15,43,19,2023-02-18,2023-05-24,Closed Won,100,69408,0.2
OPP-00405,7,65,4,2024-01-16,2024-05-27,Closed Won,100,32704,0.19
OPP-00406,8,80,13,2024-10-06,2025-01-07,Proposal,90,22057,0.0
OPP-00407,7,40,10,2023-12-14,2024-05-27,Qualification,10,37100,0.18
OPP-00408,5,38,6,2024-06-02,2024-11-26,Closed Won,100,55636,0.07
OPP-00409,1,97,3,2024-12-01,2025-03-18,Qualification,25,4166,0.16
OPP-00410,13,76,10,2024-03-20,2024-04-17,Qualification,90,59360,0.13
OPP-00411,5,7,5,2024-06-19,2024-10-10,Closed Lost,0,5390,0.18
OPP-00412,3,55,2,2024-10-13,2024-12-24,Qualification,10,67662,0.04
OPP-00413,2,41,18,2023-02-07,2023-07-18,Negotiation,25,2553,0.06
OPP-00414,13,16,3,2024-10-02,2024-12-11,Proposal,75,16664,0.06
OPP-00415,9,75,10,2023-05-02,2023-07-15,Qualification,50,37100,0.2
OPP-00416,8,44,18,2024-09-11,2025-02-23,Negotiation,10,5957,0.12
OPP-00417,11,85,19,2023-03-26,2023-04-13,Negotiation,25,8676,0.2
OPP-00418,9,71,12,2023-11-13,2024-04-01,Closed Lost,0,29349,0.01
OPP-00419,9,89,15,2024-09-04,2024-11-21,Qualification,50,37908,0.16
OPP-00420,6,21,13,2024-03-09,2024-05-06,Proposal,10,12604,0.2
OPP-00421,8,50,20,2024-08-18,2024-11-10,Qualification,25,34530,0.04
OPP-00422,9,17,6,2023-05-01,2023-05-13,Qualification,25,63584,0.16
OPP-00423,14,66,20,2024-02-10,2024-08-01,Negotiation,90,51795,0.19
OPP-00424,12,2,14,2024-10-31,2025-03-04,Proposal,25,48496,0.19
OPP-00425,11,48,12,2023-02-02,2023-03-20,Qualification,10,39132,0.13
OPP-00426,15,24,9,2024-09-08,2024-10-20,Qualification,50,63192,0.02
OPP-00427,12,83,4,2023-03-22,2023-06-29,Negotiation,10,8176,0.12
OPP-00428,13,35,1,2024-10-06,2025-03-15,Prospecting,10,16496,0.06
OPP-00429,11,68,12,2024-07-30,2024-11-15,Closed Lost,0,29349,0.16
OPP-00430,12,90,4,2024-03-22,2024-04-02,Closed Lost,0,49056,0.14
OPP-00431,4,60,14,2024-08-13,2024-12-02,Closed Won,100,30310,0.08
OPP-00432,7,46,9,2023-12-02,2023-12-23,Qualification,90,7899,0.1
OPP-00433,13,27,12,2024-11-02,2025-03-30,Negotiation,50,19566,0.14
OPP-00434,15,31,6,2023-01-13,2023-06-15,Negotiation,90,23844,0.11
OPP-00435,14,49,6,2023-06-28,2023-12-15,Prospecting,75,39740,0.02
OPP-00436,13,80,12,2023-08-25,2024-01-30,Qualification,90,97830,0.05
OPP-00437,4,42,12,2023-05-09,2023-06-18,Prospecting,75,68481,0.08
OPP-00438,13,13,5,2023-11-30,2024-02-08,Proposal,50,8085,0.0
OPP-00439,8,35,13,2023-06-07,2023-06-21,Prospecting,75,3151,0.19
OPP-00440,14,96,17,2024-07-22,2024-08-30,Closed Won,100,23768,0.08
OPP-00441,5,33,11,2024-03-28,2024-05-16,Negotiation,90,61285,0.06
OPP-00442,7,65,2,2024-02-22,2024-04-27,Negotiation,90,48330,0.17
OPP-00443,12,97,5,2024-09-13,2025-01-30,Prospecting,10,24255,0.01
OPP-00444,6,67,15,2023-10-29,2024-04-07,Proposal,25,56862,0.07
OPP-00445,10,19,12,2023-11-08,2023-12-14,Prospecting,10,29349,0.08
OPP-00446,8,100,11,2024-09-21,2025-03-16,Prospecting,10,8755,0.02
OPP-00447,3,61,3,2023-01-30,2023-03-10,Negotiation,75,8332,0.02
OPP-00448,6,65,10,2024-10-30,2025-01-02,Closed Won,100,66780,0.06
OPP-00449,9,74,11,2024-04-29,2024-10-11,Qualification,25,78795,0.05
OPP-00450,6,20,7,2023-06-16,2023-08-11,Proposal,10,61660,0.11
OPP-00451,1,65,4,2023-01-02,2023-05-18,Proposal,10,81760,0.18
OPP-00452,8,69,15,2024-08-20,2025-01-28,Qualification,50,66339,0.15
OPP-00453,8,19,15,2024-08-11,2025-01-14,Closed Lost,0,75816,0.12
OPP-00454,13,56,17,2024-06-18,2024-08-23,Qualification,10,14855,0.17
OPP-00455,7,49,13,2024-02-12,2024-04-04,Qualification,50,15755,0.07
OPP-00456,11,1,14,2024-01-14,2024-07-12,Proposal,10,48496,0.1
OPP-00457,3,53,12,2023-03-05,2023-04-06,Qualification,90,88047,0.19
OPP-00458,11,75,14,2023-07-11,2023-07-22,Negotiation,75,60620,0.18
OPP-00459,8,7,15,2024-02-16,2024-05-18,Closed Won,100,66339,0.01
OPP-00460,15,15,3,2024-07-14,2024-09-20,Qualification,90,33328,0.17
OPP-00461,11,43,15,2024-08-25,2025-02-14,Prospecting,75,94770,0.13
OPP-00462,3,1,8,2024-04-01,2024-07-04,Proposal,90,68810,0.12
OPP-00463,6,77,11,2023-06-30,2023-09-16,Negotiation,75,78795,0.06
OPP-00464,1,74,17,2024-12-01,2025-05-17,Closed Won,100,5942,0.04
OPP-00465,11,96,15,2024-07-27,2024-09-25,Negotiation,50,75816,0.08
OPP-00466,3,34,3,2024-03-22,2024-05-06,Qualification,50,20830,0.17
OPP-00467,7,92,10,2023-11-23,2024-05-06,Closed Lost,0,44520,0.2
OPP-00468,13,99,1,2023-10-16,2024-03-13,Prospecting,75,65984,0.03
OPP-00469,5,95,16,2024-06-09,2024-11-03,Qualification,50,14802,0.07
OPP-00470,2,65,10,2023-11-04,2024-01-31,Negotiation,90,59360,0.09
OPP-00471,12,47,20,2023-12-27,2024-06-05,Negotiation,50,23020,0.16
OPP-00472,5,26,12,2023-04-22,2023-05-19,Prospecting,25,48915,0.12
OPP-00473,15,15,3,2023-08-14,2023-11-15,Prospecting,25,20830,0.19
OPP-00474,4,39,14,2023-02-08,2023-04-22,Proposal,75,6062,0.1
OPP-00475,15,70,1,2023-04-18,2023-06-24,Proposal,90,8248,0.03
OPP-00476,7,23,2,2024-09-12,2025-02-21,Closed Won,100,38664,0.18
OPP-00477,12,58,11,2024-07-22,2024-10-12,Proposal,90,52530,0.2
OPP-00478,5,80,8,2024-11-17,2024-12-16,Qualification,75,34405,0.1
OPP-00479,11,12,12,2024-02-10,2024-06-22,Closed Lost,0,9783,0.11
OPP-00480,6,70,3,2024-01-24,2024-03-06,Negotiation,75,41660,0.13
OPP-00481,11,83,16,2023-01-01,2023-06-23,Closed Lost,0,9868,0.1
OPP-00482,3,14,18,2023-12-21,2024-01-20,Proposal,90,7659,0.15
OPP-00483,15,86,10,2024-02-18,2024-03-16,Proposal,75,59360,0.09
OPP-00484,4,82,1,2024-05-23,2024-08-17,Qualification,50,65984,0.19
OPP-00485,15,84,19,2024-11-13,2025-02-03,Proposal,10,52056,0.16
OPP-00486,5,86,11,2024-11-30,2025-05-25,Proposal,50,17510,0.13
OPP-00487,15,52,6,2023-02-11,2023-08-08,Proposal,25,7948,0.07
OPP-00488,14,65,8,2023-11-02,2023-11-26,Qualification,90,68810,0.17
OPP-00489,4,26,13,2023-01-27,2023-05-13,Prospecting,50,28359,0.0
OPP-00490,12,64,13,2024-01-11,2024-01-29,Qualification,25,31510,0.06
OPP-00491,1,71,1,2023-02-26,2023-08-01,Closed Won,100,24744,0.17
OPP-00492,6,95,7,2024-09-27,2025-02-14,Qualification,10,55494,0.03
OPP-00493,10,95,18,2023-01-20,2023-06-14,Proposal,25,3404,0.19
OPP-00494,9,48,5,2024-07-16,2024-09-14,Qualification,50,2695,0.02
OPP-00495,1,75,12,2023-12-26,2024-06-21,Prospecting,90,29349,0.12
OPP-00496,9,32,14,2024-04-03,2024-04-29,Closed Won,100,54558,0.15
OPP-00497,7,66,11,2023-04-11,2023-04-28,Prospecting,10,17510,0.04
OPP-00498,12,40,19,2023-02-22,2023-06-03,Prospecting,25,52056,0.14
OPP-00499,2,63,8,2024-07-10,2024-10-24,Closed Lost,0,34405,0.04
OPP-00500,5,34,1,2024-06-11,2024-08-19,Proposal,10,82480,0.03
OPP-00501,12,18,2,2023-09-19,2023-12-19,Negotiation,25,38664,0.16
OPP-00502,12,44,4,2023-03-08,2023-05-13,Closed Won,100,81760,0.17
OPP-00503,6,8,18,2023-05-09,2023-08-27,Proposal,10,851,0.02
OPP-00504,11,54,7,2023-12-04,2024-01-05,Proposal,10,49328,0.19
OPP-00505,9,61,14,2023-03-17,2023-09-03,Prospecting,90,36372,0.11
OPP-00506,5,94,14,2023-05-22,2023-11-09,Negotiation,50,12124,0.0
OPP-00507,9,60,15,2024-02-25,2024-07-17,Prospecting,90,75816,0.19
OPP-00508,8,15,16,2023-09-10,2023-12-02,Proposal,50,19736,0.09
OPP-00509,8,54,13,2024-02-06,2024-06-27,Qualification,75,18906,0.01
OPP-00510,13,4,9,2023-05-27,2023-08-01,Negotiation,25,78990,0.14
OPP-00511,5,44,7,2023-08-20,2024-01-28,Qualification,90,61660,0.12
OPP-00512,4,99,1,2023-09-01,2023-09-15,Proposal,10,32992,0.15
OPP-00513,4,23,6,2024-04-04,2024-08-21,Closed Won,100,7948,0.11
OPP-00514,5,56,2,2023-04-27,2023-05-30,Negotiation,50,19332,0.06
OPP-00515,15,40,8,2024-01-09,2024-02-05,Qualification,10,48167,0.07
OPP-00516,14,34,5,2023-06-01,2023-09-01,Closed Lost,0,18865,0.0
OPP-00517,4,71,10,2023-10-16,2024-04-05,Prospecting,25,74200,0.14
OPP-00518,8,86,14,2023-07-15,2023-08-16,Negotiation,10,36372,0.13
OPP-00519,14,17,12,2024-12-01,2025-05-08,Closed Lost,0,9783,0.08
OPP-00520,1,15,20,2023-09-27,2024-03-13,Closed Lost,0,11510,0.01
OPP-00521,2,12,2,2023-10-18,2023-10-29,Qualification,10,19332,0.2
OPP-00522,7,38,14,2023-12-04,2024-03-05,Proposal,50,54558,0.11
OPP-00523,6,13,10,2024-06-28,2024-08-12,Negotiation,10,44520,0.01
OPP-00524,6,40,17,2023-05-21,2023-06-11,Qualification,90,26739,0.04
OPP-00525,11,49,19,2023-02-14,2023-05-11,Closed Won,100,78084,0.14
OPP-00526,7,28,2,2023-10-28,2024-03-13,Closed Won,100,38664,0.06
OPP-00527,14,24,9,2024-05-12,2024-10-30,Closed Lost,0,78990,0.06
OPP-00528,8,18,10,2023-02-04,2023-07-20,Qualification,75,14840,0.16
OPP-00529,4,82,11,2024-07-05,2024-07-22,Proposal,25,35020,0.11
OPP-00530,13,56,7,2024-04-15,2024-08-18,Proposal,10,49328,0.0
OPP-00531,7,100,1,2024-05-01,2024-07-01,Proposal,25,57736,0.06
OPP-00532,7,39,2,2024-10-10,2025-01-19,Proposal,10,38664,0.05
OPP-00533,11,29,15,2024-04-27,2024-09-19,Negotiation,75,75816,0.03
OPP-00534,9,99,10,2024-01-18,2024-06-13,Proposal,90,44520,0.03
OPP-00535,11,26,11,2024-05-18,2024-05-31,Prospecting,75,78795,0.1
OPP-00536,11,17,17,2023-10-28,2023-12-09,Qualification,25,29710,0.07
OPP-00537,8,9,9,2024-04-29,2024-08-21,Closed Lost,0,23697,0.12
OPP-00538,4,43,18,2024-09-03,2024-10-06,Qualification,25,8510,0.14
OPP-00539,2,44,7,2023-01-09,2023-05-03,Proposal,25,49328,0.11
OPP-00540,10,31,8,2023-11-18,2024-05-12,Prospecting,50,61929,0.02
OPP-00541,10,100,19,2024-05-11,2024-09-27,Qualification,25,52056,0.0
OPP-00542,3,47,1,2023-02-01,2023-05-12,Prospecting,90,82480,0.16
OPP-00543,5,68,7,2024-09-27,2024-11-20,Closed Lost,0,61660,0.0
OPP-00544,9,67,15,2024-04-19,2024-05-31,Qualification,10,56862,0.19
OPP-00545,10,57,19,2024-05-14,2024-06-27,Proposal,50,60732,0.16
OPP-00546,11,94,3,2024-05-29,2024-07-20,Proposal,75,29162,0.01
OPP-00547,8,35,4,2023-07-31,2023-12-25,Proposal,90,57232,0.03
OPP-00548,11,75,11,2024-03-06,2024-06-04,Negotiation,75,52530,0.1
OPP-00549,5,37,9,2024-04-04,2024-07-28,Negotiation,75,7899,0.03
OPP-00550,1,51,1,2023-05-06,2023-09-28,Closed Lost,0,41240,0.05
OPP-00551,11,78,19,2024-06-23,2024-08-19,Proposal,50,8676,0.08
OPP-00552,10,84,15,2024-03-03,2024-08-01,Negotiation,10,56862,0.2
OPP-00553,14,79,8,2024-11-04,2025-01-10,Closed Won,100,68810,0.01
OPP-00554,7,30,17,2024-06-25,2024-08-06,Qualification,10,20797,0.14
OPP-00555,6,77,15,2023-11-18,2024-01-25,Qualification,50,18954,0.1
OPP-00556,10,41,1,2024-06-12,2024-09-15,Negotiation,10,57736,0.1
OPP-00557,2,5,15,2024-08-27,2024-10-31,Qualification,50,85293,0.14
OPP-00558,9,5,6,2024-04-27,2024-07-17,Closed Won,100,39740,0.04
OPP-00559,5,40,11,2024-03-18,2024-05-16,Negotiation,10,87550,0.12
OPP-00560,7,14,9,2024-07-09,2024-11-20,Closed Won,100,78990,0.02
OPP-00561,6,84,12,2024-07-01,2024-10-05,Closed Won,100,78264,0.12
OPP-00562,15,8,16,2023-04-05,2023-06-14,Prospecting,75,34538,0.16
OPP-00563,2,75,20,2023-09-13,2024-02-19,Negotiation,90,17265,0.07
OPP-00564,12,13,3,2024-07-03,2024-09-29,Prospecting,90,20830,0.02
OPP-00565,8,23,7,2023-06-28,2023-12-20,Prospecting,10,6166,0.13
OPP-00566,12,61,19,2024-11-28,2025-05-24,Prospecting,50,43380,0.03
OPP-00567,13,26,11,2023-02-22,2023-05-01,Prospecting,75,26265,0.19
OPP-00568,1,22,9,2023-12-20,2024-04-09,Qualification,90,55293,0.12
OPP-00569,2,81,9,2024-10-27,2025-01-03,Closed Lost,0,39495,0.0
OPP-00570,4,67,13,2024-02-18,2024-02-29,Closed Lost,0,6302,0.1
OPP-00571,1,80,11,2024-01-06,2024-05-12,Qualification,25,52530,0.2
OPP-00572,4,30,9,2024-01-14,2024-01-29,Qualification,90,7899,0.09
OPP-00573,5,23,8,2024-05-13,2024-07-08,Closed Won,100,27524,0.03
OPP-00574,14,41,11,2023-11-14,2024-04-08,Proposal,25,35020,0.04
OPP-00575,11,39,18,2023-06-05,2023-07-19,Negotiation,75,8510,0.15
OPP-00576,7,8,8,2023-09-17,2023-10-14,Qualification,50,27524,0.02
OPP-00577,11,22,12,2024-01-31,2024-05-30,Negotiation,25,58698,0.1
OPP-00578,14,1,19,2023-04-09,2023-07-08,Negotiation,50,69408,0.11
OPP-00579,8,70,15,2023-03-27,2023-07-14,Qualification,25,75816,0.19
OPP-00580,13,89,1,2024-01-13,2024-04-03,Prospecting,25,74232,0.13
OPP-00581,1,63,1,2023-05-27,2023-07-19,Proposal,75,32992,0.0
OPP-00582,4,41,5,2024-03-28,2024-08-27,Proposal,50,21560,0.19
OPP-00583,7,45,2,2023-07-18,2023-10-20,Qualification,50,38664,0.16
OPP-00584,1,68,4,2023-01-20,2023-03-25,Proposal,25,40880,0.11
OPP-00585,12,14,12,2023-02-09,2023-04-17,Proposal,90,39132,0.19
OPP-00586,3,94,19,2023-10-05,2023-12-04,Closed Lost,0,52056,0.14
OPP-00587,6,72,18,2024-09-07,2024-09-24,Negotiation,90,3404,0.02
OPP-00588,11,20,2,2024-10-21,2025-04-11,Negotiation,50,9666,0.15
OPP-00589,2,18,13,2024-11-10,2025-04-28,Proposal,75,28359,0.1
OPP-00590,1,16,20,2023-03-26,2023-06-03,Qualification,75,57550,0.1
OPP-00591,4,73,8,2024-09-07,2025-02-16,Proposal,50,27524,0.05
OPP-00592,7,47,18,2024-07-31,2024-12-30,Closed Lost,0,8510,0.16
OPP-00593,14,38,11,2024-05-04,2024-07-27,Proposal,50,43775,0.12
OPP-00594,1,2,14,2024-07-18,2024-12-26,Closed Lost,0,24248,0.14
OPP-00595,5,99,9,2024-05-30,2024-08-08,Qualification,25,78990,0.02
OPP-00596,10,91,8,2024-07-29,2025-01-18,Closed Won,100,48167,0.08
OPP-00597,10,51,13,2023-08-23,2023-11-01,Qualification,75,31510,0.13
OPP-00598,7,75,20,2024-03-12,2024-05-23,Prospecting,10,23020,0.09
OPP-00599,10,36,1,2023-06-28,2023-09-16,Negotiation,10,74232,0.13
OPP-00600,10,59,8,2024-01-18,2024-02-10,Negotiation,50,61929,0.2
OPP-00601,5,68,3,2024-04-14,2024-05-27,Proposal,90,8332,0.01
OPP-00602,2,16,18,2023-07-16,2023-09-23,Negotiation,50,5106,0.0
OPP-00603,9,100,10,2024-11-01,2025-04-26,Qualification,50,22260,0.01
OPP-00604,4,86,18,2024-11-27,2025-01-30,Proposal,75,8510,0.15
OPP-00605,6,76,1,2024-03-10,2024-04-14,Proposal,75,57736,0.0
OPP-00606,7,84,18,2024-11-01,2025-01-27,Closed Won,100,2553,0.17
OPP-00607,4,9,14,2023-01-24,2023-03-29,Negotiation,25,6062,0.19
OPP-00608,11,48,15,2023-08-04,2024-01-16,Proposal,50,56862,0.01
OPP-00609,11,56,10,2023-11-07,2023-12-16,Prospecting,10,29680,0.18
OPP-00610,1,70,4,2024-09-10,2025-01-16,Negotiation,25,24528,0.07
OPP-00611,12,60,2,2024-03-23,2024-06-20,Negotiation,90,28998,0.2
OPP-00612,5,69,2,2023-04-16,2023-05-08,Proposal,25,96660,0.18
OPP-00613,5,44,11,2023-11-12,2024-02-29,Negotiation,25,70040,0.07
OPP-00614,1,14,19,2024-05-06,2024-09-13,Closed Won,100,86760,0.04
OPP-00615,13,12,8,2023-10-04,2024-03-03,Proposal,25,13762,0.12
OPP-00616,1,99,3,2024-01-12,2024-01-31,Prospecting,25,20830,0.0
OPP-00617,3,25,17,2024-06-05,2024-12-02,Proposal,10,2971,0.2
OPP-00618,10,12,11,2023-06-13,2023-07-02,Qualification,25,87550,0.09
OPP-00619,5,66,10,2023-03-25,2023-09-21,Qualification,25,51940,0.2
OPP-00620,9,21,6,2024-08-04,2024-12-21,Prospecting,10,47688,0.15
OPP-00621,9,87,1,2023-06-07,2023-10-21,Prospecting,75,65984,0.02
OPP-00622,13,31,4,2023-10-09,2024-03-13,Closed Won,100,49056,0.1
OPP-00623,7,59,14,2023-11-22,2024-04-20,Proposal,10,24248,0.17
OPP-00624,12,48,1,2024-04-08,2024-09-26,Closed Lost,0,57736,0.12
OPP-00625,2,28,20,2023-10-28,2024-03-28,Qualification,90,34530,0.07
OPP-00626,2,35,18,2024-08-24,2024-09-14,Qualification,25,851,0.1
OPP-00627,15,6,7,2024-11-11,2025-01-10,Prospecting,25,30830,0.2
OPP-00628,11,85,16,2024-10-24,2024-12-20,Proposal,25,19736,0.14
OPP-00629,1,18,2,2024-09-10,2025-01-20,Negotiation,10,9666,0.0
OPP-00630,8,14,20,2024-03-29,2024-05-15,Qualification,75,57550,0.09
OPP-00631,15,82,7,2023-12-26,2024-04-07,Proposal,50,55494,0.19
OPP-00632,8,47,8,2024-11-04,2025-04-08,Prospecting,90,20643,0.09
OPP-00633,7,37,12,2023-08-05,2023-12-12,Closed Lost,0,78264,0.06
OPP-00634,2,94,13,2024-01-09,2024-06-01,Closed Won,100,28359,0.0
OPP-00635,1,69,10,2023-07-01,2023-11-11,Negotiation,75,22260,0.05
OPP-00636,3,86,9,2023-05-24,2023-11-02,Proposal,90,39495,0.14
OPP-00637,7,65,11,2024-06-13,2024-09-15,Qualification,75,61285,0.04
OPP-00638,8,46,11,2024-04-02,2024-08-05,Proposal,25,70040,0.12
OPP-00639,8,72,18,2024-06-10,2024-10-24,Qualification,25,4255,0.0
OPP-00640,14,41,15,2024-07-06,2024-10-13,Negotiation,25,94770,0.05
OPP-00641,1,11,18,2024-08-21,2024-12-17,Proposal,75,4255,0.2
OPP-00642,1,31,7,2024-09-08,2025-02-25,Proposal,10,61660,0.02
OPP-00643,11,97,16,2023-09-10,2024-02-24,Negotiation,25,44406,0.06
OPP-00644,15,2,9,2023-02-09,2023-04-17,Proposal,90,31596,0.12
OPP-00645,15,46,5,2024-09-09,2024-09-30,Closed Lost,0,2695,0.03
OPP-00646,1,34,5,2024-09-16,2025-01-23,Negotiation,50,13475,0.07
OPP-00647,5,23,14,2024-03-12,2024-07-11,Negotiation,75,6062,0.01
OPP-00648,3,78,16,2023-06-01,2023-07-25,Proposal,50,34538,0.01
OPP-00649,11,23,16,2024-03-14,2024-09-05,Negotiation,75,29604,0.01
OPP-00650,1,83,8,2024-05-07,2024-10-12,Negotiation,10,27524,0.13
OPP-00651,1,9,11,2023-02-07,2023-05-22,Prospecting,50,87550,0.13
OPP-00652,8,76,11,2024-03-13,2024-03-23,Qualification,25,26265,0.0
OPP-00653,15,88,18,2023-07-09,2023-11-13,Proposal,75,7659,0.14
OPP-00654,12,6,15,2023-03-09,2023-06-12,Negotiation,25,75816,0.18
OPP-00655,7,16,12,2024-08-11,2024-10-25,Prospecting,75,29349,0.18
OPP-00656,4,19,9,2024-04-21,2024-05-24,Closed Lost,0,78990,0.03
OPP-00657,3,64,6,2024-01-21,2024-07-03,Closed Lost,0,7948,0.03
OPP-00658,6,74,4,2023-07-13,2024-01-04,Closed Lost,0,73584,0.16
OPP-00659,1,97,15,2024-10-28,2025-02-17,Qualification,75,85293,0.19
OPP-00660,11,41,19,2024-11-06,2025-03-11,Qualification,10,8676,0.1
OPP-00661,14,49,13,2023-02-20,2023-06-25,Qualification,50,28359,0.16
OPP-00662,8,7,7,2023-05-10,2023-08-16,Proposal,25,12332,0.19
OPP-00663,7,93,12,2024-03-19,2024-04-23,Proposal,75,58698,0.16
OPP-00664,15,45,5,2024-11-23,2025-03-18,Closed Won,100,13475,0.02
OPP-00665,13,53,19,2023-08-21,2023-10-16,Qualification,90,17352,0.13
OPP-00666,6,17,1,2023-04-22,2023-06-07,Negotiation,90,41240,0.09
OPP-00667,15,22,16,2024-04-20,2024-07-09,Proposal,90,19736,0.19
OPP-00668,14,97,4,2023-09-26,2024-03-14,Proposal,10,24528,0.13
OPP-00669,3,91,18,2023-06-15,2023-10-06,Proposal,90,851,0.08
OPP-00670,13,7,4,2024-09-18,2024-12-04,Prospecting,25,16352,0.13
OPP-00671,12,59,12,2024-03-20,2024-05-07,Prospecting,10,97830,0.09
OPP-00672,13,90,9,2024-04-17,2024-09-12,Negotiation,50,15798,0.03
OPP-00673,14,71,9,2023-04-20,2023-10-10,Closed Won,100,47394,0.13
OPP-00674,15,46,3,2024-07-06,2024-08-30,Closed Lost,0,37494,0.1
OPP-00675,3,89,13,2024-02-25,2024-07-11,Prospecting,10,31510,0.11
OPP-00676,12,54,17,2023-11-18,2024-03-05,Negotiation,75,5942,0.18
OPP-00677,6,15,11,2024-10-18,2024-11-07,Proposal,90,70040,0.02
OPP-00678,6,24,7,2023-07-20,2023-12-02,Qualification,90,55494,0.05
OPP-00679,14,69,4,2023-02-15,2023-05-02,Closed Lost,0,57232,0.05
OPP-00680,6,78,1,2023-08-06,2023-10-29,Prospecting,25,74232,0.05
OPP-00681,3,33,5,2023-08-07,2023-10-31,Proposal,10,13475,0.15
OPP-00682,8,100,18,2024-05-05,2024-10-24,Qualification,50,1702,0.18
OPP-00683,2,31,15,2023-03-03,2023-04-30,Qualification,50,28431,0.0
OPP-00684,6,78,13,2023-12-15,2024-05-20,Closed Won,100,12604,0.08
OPP-00685,7,48,10,2023-08-28,2023-11-01,Negotiation,75,7420,0.0
OPP-00686,1,5,12,2024-11-09,2025-01-06,Proposal,50,97830,0.16
OPP-00687,15,56,12,2023-09-26,2024-02-27,Closed Lost,0,39132,0.05
OPP-00688,14,70,17,2023-03-20,2023-08-17,Qualification,90,20797,0.01
OPP-00689,14,9,10,2023-04-07,2023-06-30,Qualification,75,22260,0.1
OPP-00690,10,97,18,2023-11-14,2024-03-22,Proposal,90,7659,0.12
OPP-00691,6,28,15,2023-03-25,2023-07-07,Closed Won,100,56862,0.19
OPP-00692,11,13,17,2023-10-10,2023-11-03,Qualification,50,23768,0.12
OPP-00693,2,65,6,2023-11-01,2023-12-14,Closed Won,100,71532,0.01
OPP-00694,10,12,8,2024-08-08,2024-10-16,Closed Lost,0,61929,0.01
OPP-00695,15,29,15,2023-07-22,2023-12-04,Proposal,10,56862,0.11
OPP-00696,13,75,7,2023-03-19,2023-05-09,Negotiation,50,36996,0.04
OPP-00697,3,25,3,2024-03-29,2024-06-05,Closed Won,100,12498,0.04
OPP-00698,5,12,3,2023-07-07,2023-12-20,Prospecting,10,4166,0.02
OPP-00699,9,61,10,2023-06-30,2023-12-19,Negotiation,75,29680,0.09
OPP-00700,3,62,2,2024-11-03,2025-01-24,Prospecting,25,86994,0.03
OPP-00701,3,32,9,2024-11-13,2024-12-17,Qualification,50,71091,0.0
OPP-00702,3,59,12,2024-03-08,2024-06-26,Prospecting,75,29349,0.08
OPP-00703,14,1,2,2024-03-10,2024-06-20,Closed Lost,0,77328,0.15
OPP-00704,10,90,11,2024-05-28,2024-09-03,Prospecting,10,8755,0.06
OPP-00705,3,40,15,2023-02-25,2023-07-11,Qualification,75,37908,0.03
OPP-00706,12,82,5,2023-05-27,2023-06-21,Prospecting,75,2695,0.1
OPP-00707,15,77,11,2024-04-08,2024-08-23,Closed Won,100,78795,0.14
OPP-00708,2,74,15,2024-06-06,2024-08-02,Qualification,90,28431,0.18
OPP-00709,9,51,9,2023-07-19,2023-11-12,Proposal,25,7899,0.13
OPP-00710,14,83,1,2024-01-04,2024-04-28,Prospecting,50,32992,0.13
OPP-00711,11,7,13,2023-10-02,2023-12-08,Qualification,10,15755,0.03
OPP-00712,10,33,10,2023-01-20,2023-02-14,Negotiation,10,29680,0.06
OPP-00713,14,6,1,2023-09-14,2023-11-01,Proposal,25,8248,0.06
OPP-00714,1,21,7,2023-07-09,2023-08-04,Prospecting,10,49328,0.11
OPP-00715,11,75,10,2023-07-26,2023-12-11,Proposal,10,51940,0.18
OPP-00716,9,96,17,2023-05-10,2023-10-23,Negotiation,10,8913,0.1
OPP-00717,9,30,2,2023-09-08,2023-12-15,Prospecting,75,86994,0.07
OPP-00718,4,80,4,2023-06-22,2023-10-19,Qualification,75,8176,0.03
OPP-00719,4,69,7,2023-06-12,2023-07-15,Qualification,75,49328,0.08
OPP-00720,4,26,5,2024-03-17,2024-06-24,Proposal,25,16170,0.15
OPP-00721,7,61,18,2023-06-21,2023-10-21,Negotiation,25,8510,0.02
OPP-00722,15,76,6,2023-10-28,2023-12-16,Proposal,50,15896,0.16
OPP-00723,6,27,9,2024-05-24,2024-08-11,Proposal,50,63192,0.14
OPP-00724,3,49,17,2023-04-16,2023-07-30,Closed Won,100,23768,0.03
OPP-00725,7,28,10,2024-03-19,2024-08-30,Qualification,75,51940,0.15
OPP-00726,7,83,6,2023-07-25,2023-10-30,Proposal,25,79480,0.06
OPP-00727,5,91,16,2023-06-27,2023-11-18,Prospecting,10,29604,0.03
OPP-00728,12,49,2,2023-04-04,2023-07-14,Qualification,75,38664,0.19
OPP-00729,9,85,9,2024-04-27,2024-07-24,Prospecting,75,63192,0.03
OPP-00730,5,14,8,2024-05-29,2024-10-05,Qualification,75,13762,0.13
OPP-00731,7,58,11,2024-10-21,2025-03-22,Proposal,10,26265,0.02
OPP-00732,15,92,1,2024-03-18,2024-04-01,Closed Lost,0,82480,0.06
OPP-00733,8,57,9,2023-05-18,2023-09-14,Prospecting,90,31596,0.11
OPP-00734,5,9,10,2023-12-07,2024-05-27,Closed Won,100,44520,0.1
OPP-00735,12,29,14,2024-07-13,2024-08-16,Negotiation,50,60620,0.19
OPP-00736,15,1,7,2023-12-16,2024-04-24,Closed Lost,0,18498,0.15
OPP-00737,7,35,3,2024-09-23,2025-01-26,Negotiation,25,12498,0.19
OPP-00738,9,82,6,2023-10-04,2023-11-10,Closed Won,100,31792,0.03
OPP-00739,13,82,1,2024-09-02,2024-10-31,Prospecting,10,49488,0.1
OPP-00740,15,66,4,2024-03-10,2024-06-04,Negotiation,50,73584,0.14
OPP-00741,14,94,1,2023-06-23,2023-11-07,Qualification,25,24744,0.11
OPP-00742,1,94,19,2024-07-18,2024-10-11,Closed Lost,0,43380,0.19
OPP-00743,15,88,7,2023-01-05,2023-05-04,Prospecting,10,24664,0.09
OPP-00744,12,80,1,2024-06-15,2024-07-23,Proposal,90,32992,0.2
OPP-00745,2,72,8,2024-06-12,2024-08-21,Closed Won,100,6881,0.08
OPP-00746,5,84,4,2023-11-25,2024-03-31,Qualification,75,49056,0.15
OPP-00747,14,7,2,2024-09-23,2025-03-04,Closed Lost,0,38664,0.17
OPP-00748,4,55,18,2023-04-22,2023-10-01,Proposal,90,2553,0.0
OPP-00749,4,61,2,2023-01-14,2023-04-16,Qualification,25,38664,0.04
OPP-00750,6,31,20,2023-12-18,2023-12-30,Closed Won,100,28775,0.19
OPP-00751,15,89,18,2023-06-03,2023-11-12,Prospecting,50,7659,0.16
OPP-00752,11,88,20,2024-11-21,2025-04-20,Qualification,90,23020,0.04
OPP-00753,3,13,17,2024-03-29,2024-07-06,Prospecting,10,8913,0.01
OPP-00754,4,62,3,2024-03-03,2024-06-03,Qualification,25,8332,0.06
OPP-00755,2,83,13,2024-10-31,2024-12-26,Closed Won,100,22057,0.05
OPP-00756,1,50,19,2023-10-13,2024-03-26,Prospecting,10,69408,0.05
OPP-00757,14,52,18,2024-10-14,2024-12-25,Negotiation,50,2553,0.08
OPP-00758,1,91,11,2023-05-08,2023-06-04,Closed Lost,0,70040,0.18
OPP-00759,10,17,16,2023-08-29,2023-11-10,Qualification,10,39472,0.15
OPP-00760,12,91,12,2024-05-25,2024-07-27,Closed Won,100,58698,0.0
OPP-00761,2,50,10,2024-02-20,2024-06-04,Proposal,90,7420,0.07
OPP-00762,2,47,16,2024-07-17,2024-09-03,Prospecting,25,14802,0.06
OPP-00763,12,75,13,2023-10-09,2024-03-11,Closed Lost,0,3151,0.19
OPP-00764,7,27,5,2024-07-19,2024-09-12,Negotiation,10,10780,0.1
OPP-00765,5,2,17,2023-11-18,2024-01-20,Proposal,25,11884,0.15
OPP-00766,1,87,16,2024-08-13,2024-11-29,Negotiation,50,34538,0.08
OPP-00767,3,78,17,2024-11-07,2025-03-09,Negotiation,10,5942,0.1
OPP-00768,2,14,15,2024-05-30,2024-10-02,Negotiation,90,37908,0.08
OPP-00769,10,68,4,2023-10-29,2024-01-01,Closed Lost,0,16352,0.15
OPP-00770,6,5,1,2023-07-07,2023-11-29,Closed Won,100,82480,0.2
OPP-00771,3,96,20,2024-01-13,2024-06-10,Closed Lost,0,5755,0.08
OPP-00772,8,94,11,2024-10-29,2025-04-21,Qualification,10,43775,0.15
OPP-00773,4,45,1,2024-07-09,2024-07-30,Prospecting,50,16496,0.2
OPP-00774,6,71,13,2024-09-11,2024-10-01,Prospecting,50,12604,0.13
OPP-00775,7,85,7,2024-03-16,2024-03-29,Negotiation,75,30830,0.11
OPP-00776,9,22,16,2023-07-21,2023-09-16,Prospecting,90,9868,0.0
OPP-00777,14,4,3,2023-03-06,2023-03-26,Negotiation,90,33328,0.18
OPP-00778,7,54,2,2023-06-03,2023-11-07,Proposal,25,9666,0.02
OPP-00779,5,64,15,2024-05-27,2024-11-16,Proposal,10,47385,0.03
OPP-00780,7,17,16,2023-02-07,2023-07-27,Qualification,90,14802,0.05
OPP-00781,13,92,20,2023-08-15,2023-12-16,Proposal,25,34530,0.01
OPP-00782,13,58,10,2023-08-28,2023-09-13,Closed Won,100,51940,0.14
OPP-00783,11,99,16,2023-09-21,2023-10-28,Closed Won,100,24670,0.02
OPP-00784,14,68,6,2023-02-28,2023-05-26,Prospecting,50,71532,0.02
OPP-00785,4,4,8,2024-05-05,2024-10-11,Prospecting,25,41286,0.07
OPP-00786,5,45,20,2023-12-09,2023-12-19,Closed Lost,0,28775,0.15
OPP-00787,12,67,8,2024-01-09,2024-02-14,Closed Lost,0,6881,0.15
OPP-00788,11,75,2,2023-06-22,2023-09-09,Proposal,90,86994,0.1
OPP-00789,2,79,4,2023-07-24,2023-08-15,Qualification,25,81760,0.1
OPP-00790,12,68,17,2024-04-04,2024-08-06,Prospecting,10,2971,0.2
OPP-00791,14,20,8,2024-06-12,2024-06-28,Qualification,90,13762,0.07
OPP-00792,5,63,2,2023-02-19,2023-05-17,Proposal,90,86994,0.08
OPP-00793,6,28,11,2023-05-08,2023-09-14,Proposal,25,8755,0.05
OPP-00794,15,81,5,2024-05-16,2024-07-18,Qualification,90,2695,0.2
OPP-00795,6,44,10,2024-09-28,2025-02-01,Closed Won,100,74200,0.19
OPP-00796,6,92,10,2024-09-21,2024-10-31,Qualification,75,74200,0.09
OPP-00797,8,89,8,2023-07-13,2023-11-01,Closed Lost,0,55048,0.02
OPP-00798,7,66,8,2024-05-13,2024-11-02,Proposal,75,20643,0.11
OPP-00799,5,6,13,2023-07-02,2023-12-20,Proposal,75,28359,0.13
OPP-00800,6,72,13,2024-09-10,2024-11-07,Qualification,25,31510,0.16
OPP-00801,7,81,18,2023-05-13,2023-09-30,Proposal,50,8510,0.17
OPP-00802,10,93,16,2023-02-26,2023-03-22,Proposal,50,14802,0.11
OPP-00803,14,76,11,2023-11-22,2024-03-20,Prospecting,90,43775,0.0
OPP-00804,11,42,16,2024-09-21,2024-10-07,Qualification,25,24670,0.08
OPP-00805,14,74,13,2024-08-30,2024-11-16,Closed Won,100,6302,0.2
OPP-00806,8,93,16,2024-01-15,2024-07-12,Closed Won,100,39472,0.06
OPP-00807,6,36,14,2023-09-24,2024-02-07,Closed Won,100,30310,0.18
OPP-00808,7,24,11,2024-06-06,2024-10-04,Proposal,25,61285,0.13
OPP-00809,4,90,6,2024-04-26,2024-07-07,Qualification,75,63584,0.04
OPP-00810,7,45,6,2024-08-18,2024-12-27,Proposal,50,39740,0.05
OPP-00811,8,99,13,2024-07-07,2024-10-12,Negotiation,10,9453,0.07
OPP-00812,7,86,20,2023-12-02,2024-01-29,Qualification,10,11510,0.1
OPP-00813,1,96,6,2023-02-15,2023-08-07,Proposal,25,79480,0.17
OPP-00814,3,85,11,2024-02-29,2024-07-13,Closed Lost,0,43775,0.15
OPP-00815,10,12,3,2023-05-25,2023-07-06,Proposal,10,20830,0.17
OPP-00816,5,57,4,2023-05-20,2023-09-02,Closed Lost,0,49056,0.03
OPP-00817,13,53,5,2024-03-08,2024-06-24,Negotiation,10,16170,0.12
OPP-00818,6,51,12,2024-07-06,2024-10-15,Closed Won,100,58698,0.06
OPP-00819,6,11,14,2023-02-01,2023-05-21,Prospecting,10,48496,0.03
OPP-00820,6,19,17,2023-03-09,2023-07-21,Prospecting,75,29710,0.18
OPP-00821,7,3,1,2024-01-19,2024-07-09,Qualification,10,82480,0.18
OPP-00822,5,59,20,2023-01-28,2023-07-18,Qualification,90,28775,0.04
OPP-00823,13,72,14,2024-04-12,2024-10-03,Prospecting,75,30310,0.19
OPP-00824,4,13,20,2023-07-13,2023-08-05,Qualification,25,23020,0.17
OPP-00825,3,20,12,2024-03-07,2024-05-09,Negotiation,75,29349,0.01
OPP-00826,2,55,17,2023-09-19,2023-10-13,Negotiation,10,23768,0.13
OPP-00827,1,86,17,2023-11-03,2024-03-24,Proposal,90,14855,0.0
OPP-00828,9,17,6,2023-09-07,2024-02-26,Closed Lost,0,79480,0.0
OPP-00829,1,10,9,2024-06-12,2024-12-04,Closed Won,100,39495,0.08
OPP-00830,2,75,18,2024-09-16,2025-01-04,Negotiation,75,3404,0.15
OPP-00831,12,41,6,2023-05-14,2023-06-07,Closed Lost,0,7948,0.17
OPP-00832,10,6,13,2023-02-09,2023-03-01,Qualification,25,15755,0.03
OPP-00833,12,3,3,2023-06-21,2023-12-05,Qualification,50,29162,0.04
OPP-00834,13,100,1,2023-12-02,2024-05-08,Negotiation,25,41240,0.04
OPP-00835,11,52,8,2024-09-18,2024-10-08,Prospecting,50,20643,0.07
OPP-00836,3,89,3,2024-07-23,2024-10-26,Negotiation,90,37494,0.06
OPP-00837,1,56,3,2024-01-15,2024-03-11,Qualification,75,8332,0.18
OPP-00838,2,3,18,2024-09-05,2024-11-01,Negotiation,50,2553,0.14
OPP-00839,13,93,2,2023-11-18,2024-04-09,Prospecting,75,48330,0.08
OPP-00840,9,22,4,2024-05-31,2024-07-27,Prospecting,50,73584,0.06
OPP-00841,10,94,11,2023-07-20,2023-10-03,Qualification,50,61285,0.05
OPP-00842,15,5,19,2024-04-18,2024-05-14,Closed Won,100,60732,0.12
OPP-00843,7,10,9,2023-10-31,2024-01-14,Prospecting,25,47394,0.05
OPP-00844,6,35,4,2024-09-07,2024-11-03,Closed Won,100,32704,0.04
OPP-00845,6,98,17,2024-07-02,2024-11-30,Negotiation,25,26739,0.02
OPP-00846,4,83,6,2024-05-08,2024-07-26,Proposal,50,79480,0.15
OPP-00847,1,31,5,2023-07-16,2024-01-05,Qualification,10,16170,0.03
OPP-00848,10,82,17,2023-08-08,2023-12-26,Proposal,50,29710,0.17
OPP-00849,6,27,7,2023-07-29,2023-09-09,Proposal,50,36996,0.14
OPP-00850,11,59,5,2024-04-13,2024-07-06,Negotiation,25,16170,0.1
OPP-00851,12,58,11,2024-10-25,2025-01-07,Qualification,25,61285,0.03
OPP-00852,15,84,7,2024-05-28,2024-11-07,Proposal,90,30830,0.0
OPP-00853,6,17,19,2023-08-15,2023-08-29,Negotiation,25,86760,0.2
OPP-00854,9,48,2,2024-01-06,2024-04-22,Prospecting,50,48330,0.0
OPP-00855,9,41,7,2023-09-15,2024-01-16,Closed Won,100,43162,0.06
OPP-00856,13,97,8,2023-11-22,2024-03-22,Prospecting,25,20643,0.11
OPP-00857,8,15,3,2024-05-27,2024-11-12,Closed Won,100,12498,0.09
OPP-00858,7,12,18,2024-01-02,2024-04-14,Qualification,10,8510,0.2
OPP-00859,7,49,15,2023-05-03,2023-05-23,Proposal,10,94770,0.08
OPP-00860,15,57,10,2023-01-29,2023-04-27,Prospecting,10,44520,0.2
OPP-00861,15,64,2,2024-05-16,2024-11-06,Qualification,10,48330,0.08
OPP-00862,8,88,1,2023-08-07,2023-09-13,Prospecting,50,32992,0.06
OPP-00863,1,60,11,2024-02-25,2024-06-05,Closed Lost,0,17510,0.2
OPP-00864,5,59,11,2023-09-18,2023-10-06,Proposal,25,43775,0.13
OPP-00865,12,41,8,2023-05-21,2023-08-06,Prospecting,10,13762,0.04
OPP-00866,3,8,2,2023-03-25,2023-06-29,Qualification,10,77328,0.14
OPP-00867,8,62,20,2024-03-31,2024-07-24,Qualification,50,57550,0.19
OPP-00868,2,72,14,2024-05-02,2024-10-25,Proposal,75,48496,0.07
OPP-00869,1,53,13,2024-01-29,2024-06-29,Proposal,25,15755,0.11
OPP-00870,12,67,9,2023-10-25,2024-01-19,Prospecting,90,7899,0.13
OPP-00871,13,82,13,2024-04-02,2024-09-20,Closed Lost,0,31510,0.2
OPP-00872,8,68,4,2023-02-08,2023-05-26,Negotiation,90,32704,0.01
OPP-00873,11,53,17,2023-12-18,2024-05-27,Prospecting,75,5942,0.15
OPP-00874,9,24,11,2023-01-03,2023-03-06,Proposal,25,78795,0.18
OPP-00875,5,25,18,2024-04-01,2024-05-27,Closed Lost,0,5106,0.11
OPP-00876,9,20,4,2024-08-21,2024-10-09,Qualification,75,57232,0.13
OPP-00877,6,88,6,2024-01-29,2024-04-28,Closed Won,100,55636,0.16
OPP-00878,4,70,2,2024-05-28,2024-09-19,Negotiation,90,28998,0.18
OPP-00879,12,97,10,2024-10-17,2024-12-08,Negotiation,90,14840,0.13
OPP-00880,8,61,10,2023-05-28,2023-10-20,Closed Won,100,37100,0.18
OPP-00881,2,74,14,2024-09-02,2024-11-27,Closed Lost,0,48496,0.19
OPP-00882,1,62,12,2024-04-22,2024-10-17,Closed Lost,0,78264,0.18
OPP-00883,13,33,16,2024-03-08,2024-07-03,Prospecting,75,24670,0.13
OPP-00884,4,32,9,2023-03-01,2023-03-23,Qualification,25,63192,0.12
OPP-00885,12,1,17,2024-11-01,2025-03-01,Prospecting,75,8913,0.1
OPP-00886,5,37,20,2024-04-17,2024-07-25,Prospecting,90,5755,0.09
OPP-00887,11,28,14,2024-07-22,2024-11-21,Qualification,10,18186,0.13
OPP-00888,9,22,1,2023-05-14,2023-07-21,Negotiation,90,41240,0.06
OPP-00889,15,8,16,2023-10-02,2024-01-20,Prospecting,25,49340,0.05
OPP-00890,8,51,2,2023-10-31,2023-12-18,Negotiation,25,96660,0.04
OPP-00891,13,17,12,2024-05-26,2024-10-29,Proposal,50,68481,0.14
OPP-00892,4,84,9,2024-09-06,2024-11-10,Negotiation,50,55293,0.09
OPP-00893,5,63,18,2024-01-13,2024-03-04,Closed Won,100,5106,0.11
OPP-00894,10,64,8,2023-12-15,2024-01-15,Prospecting,10,34405,0.14
OPP-00895,11,92,19,2024-02-14,2024-04-03,Closed Won,100,34704,0.2
OPP-00896,14,27,1,2023-04-11,2023-06-02,Prospecting,25,57736,0.15
OPP-00897,9,62,3,2024-06-03,2024-07-20,Prospecting,75,37494,0.09
OPP-00898,9,50,16,2024-08-17,2024-09-18,Qualification,25,9868,0.12
OPP-00899,11,65,14,2023-03-22,2023-08-24,Closed Won,100,42434,0.12
OPP-00900,13,83,16,2023-07-29,2023-11-20,Prospecting,10,14802,0.01
OPP-00901,8,100,13,2023-07-20,2023-11-25,Proposal,50,18906,0.19
OPP-00902,6,87,5,2024-07-28,2024-12-29,Proposal,10,18865,0.16
OPP-00903,13,15,11,2023-04-03,2023-07-30,Prospecting,90,70040,0.09
OPP-00904,13,8,3,2024-04-08,2024-07-29,Closed Lost,0,8332,0.0
OPP-00905,3,82,18,2023-09-28,2024-01-22,Qualification,90,5106,0.13
OPP-00906,15,23,8,2023-05-04,2023-09-10,Negotiation,90,61929,0.06
OPP-00907,2,85,15,2023-03-13,2023-06-18,Proposal,25,75816,0.06
OPP-00908,14,73,10,2023-05-03,2023-06-10,Prospecting,10,74200,0.05
OPP-00909,10,93,8,2023-10-21,2024-01-22,Closed Won,100,41286,0.16
OPP-00910,5,35,20,2024-10-03,2025-03-07,Closed Won,100,23020,0.07
OPP-00911,1,17,6,2023-04-05,2023-07-19,Proposal,10,47688,0.08
OPP-00912,6,93,16,2023-05-19,2023-07-17,Prospecting,50,9868,0.05
OPP-00913,15,34,18,2024-01-26,2024-05-14,Negotiation,25,7659,0.0
OPP-00914,4,71,13,2024-02-10,2024-05-27,Proposal,25,12604,0.03
OPP-00915,15,94,18,2023-11-23,2024-04-14,Negotiation,10,3404,0.14
OPP-00916,11,54,13,2024-02-29,2024-07-15,Qualification,10,15755,0.02
OPP-00917,4,21,11,2024-12-01,2024-12-31,Qualification,25,43775,0.12
OPP-00918,11,81,19,2024-06-12,2024-09-26,Qualification,10,43380,0.13
OPP-00919,13,13,14,2023-03-09,2023-05-16,Prospecting,90,24248,0.15
OPP-00920,10,83,6,2024-02-21,2024-05-15,Qualification,25,71532,0.15
OPP-00921,10,54,12,2024-06-30,2024-09-24,Negotiation,25,78264,0.14
OPP-00922,15,69,10,2024-10-19,2025-04-05,Prospecting,90,29680,0.1
OPP-00923,11,71,16,2024-11-18,2025-03-31,Prospecting,10,49340,0.11
OPP-00924,11,75,7,2023-01-07,2023-06-01,Qualification,75,30830,0.14
OPP-00925,6,30,4,2023-02-11,2023-08-07,Prospecting,90,81760,0.1
OPP-00926,4,73,4,2024-02-25,2024-05-10,Closed Lost,0,49056,0.01
OPP-00927,1,70,19,2023-08-30,2023-12-23,Qualification,10,34704,0.06
OPP-00928,15,8,2,2023-01-30,2023-07-18,Qualification,25,48330,0.03
OPP-00929,13,81,6,2024-11-16,2025-02-09,Closed Won,100,79480,0.18
OPP-00930,15,77,6,2024-03-10,2024-05-02,Qualification,75,63584,0.01
OPP-00931,10,75,10,2024-04-08,2024-05-07,Qualification,75,14840,0.09
OPP-00932,7,75,16,2024-06-25,2024-10-10,Proposal,90,34538,0.02
OPP-00933,13,53,9,2023-11-11,2024-02-10,Closed Won,100,63192,0.0
OPP-00934,11,43,5,2024-02-18,2024-04-02,Prospecting,50,13475,0.01
OPP-00935,8,59,12,2023-01-30,2023-02-20,Qualification,50,29349,0.16
OPP-00936,14,54,16,2024-09-09,2025-02-09,Closed Won,100,24670,0.06
OPP-00937,6,48,18,2023-08-15,2023-09-09,Prospecting,25,7659,0.05
OPP-00938,3,31,18,2023-03-11,2023-07-20,Proposal,10,5106,0.16
OPP-00939,2,98,9,2023-07-19,2023-10-02,Prospecting,50,39495,0.1
OPP-00940,5,25,8,2023-11-16,2024-01-18,Proposal,10,13762,0.16
OPP-00941,8,69,11,2023-07-18,2023-10-03,Qualification,25,70040,0.17
OPP-00942,5,44,12,2023-06-07,2023-11-19,Closed Won,100,68481,0.13
OPP-00943,4,30,13,2024-10-23,2025-02-15,Qualification,90,12604,0.08
OPP-00944,15,91,6,2023-02-03,2023-06-27,Qualification,90,15896,0.13
OPP-00945,14,59,19,2024-01-01,2024-05-14,Proposal,50,86760,0.14
OPP-00946,15,1,1,2024-09-19,2024-12-07,Qualification,25,32992,0.0
OPP-00947,12,88,19,2024-10-24,2024-11-20,Prospecting,50,17352,0.09
OPP-00948,4,91,2,2023-09-06,2023-10-18,Negotiation,75,57996,0.02
OPP-00949,9,93,18,2023-02-06,2023-07-10,Proposal,75,6808,0.16
OPP-00950,4,73,11,2024-09-08,2024-09-22,Prospecting,90,78795,0.08
OPP-00951,6,66,8,2024-01-16,2024-03-01,Closed Lost,0,55048,0.06
OPP-00952,13,90,14,2023-08-20,2023-08-30,Closed Won,100,36372,0.1
OPP-00953,15,38,11,2023-01-15,2023-02-23,Qualification,75,26265,0.01
OPP-00954,13,74,3,2023-09-02,2023-11-23,Prospecting,25,37494,0.12
OPP-00955,11,5,20,2023-12-07,2024-04-12,Prospecting,75,28775,0.11
OPP-00956,4,52,11,2023-02-08,2023-06-29,Prospecting,50,43775,0.18
OPP-00957,11,68,12,2023-06-26,2023-11-18,Closed Won,100,58698,0.04
OPP-00958,4,8,5,2023-07-22,2024-01-07,Closed Won,100,16170,0.14
OPP-00959,8,59,12,2024-10-07,2025-01-13,Negotiation,90,39132,0.01
OPP-00960,9,87,11,2024-03-21,2024-06-10,Proposal,75,26265,0.01
OPP-00961,13,22,3,2023-12-08,2024-02-06,Proposal,25,20830,0.14
OPP-00962,3,46,6,2024-09-29,2024-12-13,Qualification,90,47688,0.03
OPP-00963,11,13,10,2024-04-06,2024-08-09,Negotiation,90,44520,0.15
OPP-00964,13,1,9,2023-01-14,2023-06-11,Prospecting,10,71091,0.15
OPP-00965,4,28,16,2024-05-18,2024-06-29,Closed Won,100,39472,0.04
OPP-00966,13,47,4,2023-06-05,2023-08-13,Proposal,90,73584,0.02
OPP-00967,12,84,2,2023-01-28,2023-07-11,Closed Won,100,86994,0.16
OPP-00968,14,40,13,2023-12-07,2024-04-03,Qualification,75,31510,0.15
OPP-00969,1,29,11,2023-07-05,2023-12-06,Negotiation,10,87550,0.13
OPP-00970,8,49,8,2024-11-11,2025-02-12,Prospecting,90,27524,0.07
OPP-00971,14,70,10,2024-01-25,2024-05-13,Closed Won,100,66780,0.19
OPP-00972,4,40,12,2024-10-10,2025-02-16,Prospecting,10,68481,0.05
OPP-00973,3,12,10,2024-04-11,2024-06-03,Negotiation,50,29680,0.08
OPP-00974,11,79,13,2023-02-20,2023-04-06,Proposal,50,31510,0.09
OPP-00975,13,90,15,2023-01-07,2023-04-05,Negotiation,50,75816,0.01
OPP-00976,5,62,6,2024-05-09,2024-06-04,Closed Lost,0,23844,0.2
OPP-00977,14,91,19,2024-08-06,2024-10-29,Closed Won,100,86760,0.1
OPP-00978,11,35,8,2023-10-19,2023-11-24,Proposal,25,61929,0.02
OPP-00979,1,1,6,2024-01-23,2024-05-04,Closed Won,100,55636,0.18
OPP-00980,9,90,12,2023-12-10,2023-12-24,Prospecting,25,78264,0.08
OPP-00981,4,37,8,2023-05-10,2023-10-17,Qualification,25,20643,0.13
OPP-00982,4,73,11,2023-04-16,2023-07-21,Proposal,90,8755,0.18
OPP-00983,1,92,20,2023-03-16,2023-08-07,Closed Won,100,57550,0.02
OPP-00984,3,70,8,2023-07-26,2023-10-08,Proposal,90,6881,0.09
OPP-00985,8,16,9,2023-09-26,2023-11-06,Qualification,50,78990,0.03
OPP-00986,3,12,10,2024-04-04,2024-08-23,Qualification,25,74200,0.1
OPP-00987,14,84,2,2024-11-12,2024-12-07,Qualification,10,67662,0.06
OPP-00988,10,61,18,2023-04-20,2023-09-08,Prospecting,50,8510,0.0
OPP-00989,7,94,19,2023-08-25,2023-12-19,Proposal,75,86760,0.06
OPP-00990,8,70,12,2024-03-06,2024-05-15,Proposal,75,48915,0.14
OPP-00991,10,51,5,2023-03-13,2023-04-04,Negotiation,50,5390,0.17
OPP-00992,7,62,11,2023-07-03,2023-08-06,Prospecting,25,17510,0.08
OPP-00993,9,21,19,2024-07-25,2024-08-06,Negotiation,75,26028,0.2
OPP-00994,10,64,11,2023-11-14,2024-01-01,Prospecting,75,8755,0.17
OPP-00995,8,41,17,2023-01-30,2023-07-13,Qualification,90,26739,0.06
OPP-00996,1,86,16,2024-10-23,2024-12-05,Closed Won,100,19736,0.08
OPP-00997,12,8,5,2024-10-29,2025-02-09,Proposal,10,2695,0.02
OPP-00998,15,43,19,2023-12-15,2024-03-06,Negotiation,50,69408,0.14
OPP-00999,9,23,1,2024-04-22,2024-05-16,Negotiation,50,24744,0.04
OPP-01000,3,9,13,2023-07-19,2023-08-24,Qualification,75,18906,0.19
OPP-01001,6,68,15,2023-09-04,2023-11-25,Proposal,10,66339,0.14
OPP-01002,15,51,14,2023-03-24,2023-04-12,Closed Lost,0,54558,0.01
OPP-01003,15,24,13,2023-09-24,2024-01-13,Closed Won,100,3151,0.18
OPP-01004,13,15,13,2023-04-19,2023-09-28,Prospecting,75,15755,0.01
OPP-01005,12,19,16,2024-10-26,2024-11-07,Prospecting,75,9868,0.11
OPP-01006,5,44,18,2023-05-23,2023-06-06,Closed Lost,0,7659,0.01
OPP-01007,8,39,20,2024-02-12,2024-05-15,Qualification,50,17265,0.18
OPP-01008,4,50,20,2023-08-29,2023-10-25,Prospecting,50,17265,0.07
OPP-01009,7,43,3,2023-02-11,2023-05-19,Qualification,75,29162,0.01
OPP-01010,6,83,17,2023-10-10,2024-01-29,Qualification,50,20797,0.18
OPP-01011,9,37,9,2023-01-14,2023-03-10,Closed Lost,0,31596,0.15
OPP-01012,10,76,1,2024-10-04,2025-03-10,Proposal,90,65984,0.2
OPP-01013,5,48,13,2024-08-17,2024-12-05,Negotiation,75,25208,0.04
OPP-01014,11,53,1,2024-10-12,2025-03-12,Qualification,90,32992,0.09
OPP-01015,5,66,12,2024-02-26,2024-04-19,Prospecting,50,39132,0.19
OPP-01016,5,26,5,2024-01-24,2024-04-28,Closed Won,100,5390,0.15
OPP-01017,5,8,18,2024-10-06,2024-10-20,Qualification,75,3404,0.14
OPP-01018,9,10,5,2023-11-06,2023-12-20,Qualification,25,21560,0.11
OPP-01019,6,10,18,2023-01-20,2023-05-29,Closed Lost,0,3404,0.09
OPP-01020,8,98,15,2024-04-22,2024-08-03,Closed Lost,0,56862,0.15
OPP-01021,4,90,5,2024-11-20,2025-04-01,Qualification,75,2695,0.01
OPP-01022,7,12,8,2024-05-16,2024-10-26,Qualification,50,68810,0.1
OPP-01023,3,96,15,2024-02-06,2024-02-29,Prospecting,90,9477,0.11
OPP-01024,3,95,16,2023-11-03,2024-04-30,Qualification,90,49340,0.14
OPP-01025,10,26,9,2024-03-12,2024-05-14,Proposal,10,47394,0.04
OPP-01026,2,86,7,2024-02-05,2024-06-10,Closed Won,100,55494,0.11
OPP-01027,11,2,15,2024-07-08,2024-11-18,Negotiation,75,66339,0.17
OPP-01028,6,30,7,2023-02-12,2023-06-29,Prospecting,75,43162,0.01
OPP-01029,15,94,15,2024-02-09,2024-04-03,Proposal,50,47385,0.04
OPP-01030,7,8,14,2024-11-18,2025-03-29,Closed Won,100,36372,0.15
OPP-01031,11,58,3,2023-09-16,2023-10-14,Negotiation,10,12498,0.16
OPP-01032,5,45,7,2024-08-12,2024-11-04,Qualification,75,55494,0.04
OPP-01033,6,97,12,2024-03-24,2024-05-17,Prospecting,50,97830,0.04
OPP-01034,12,16,14,2023-07-15,2023-10-18,Qualification,75,24248,0.15
OPP-01035,14,77,17,2024-04-24,2024-05-09,Prospecting,25,20797,0.08
OPP-01036,4,4,13,2024-11-13,2025-01-07,Proposal,10,12604,0.04
OPP-01037,4,69,19,2023-10-14,2024-03-30,Qualification,25,60732,0.15
OPP-01038,13,55,12,2024-06-08,2024-11-15,Negotiation,90,9783,0.09
OPP-01039,5,98,5,2024-06-10,2024-06-28,Closed Won,100,8085,0.05
OPP-01040,14,3,5,2024-04-18,2024-05-12,Closed Won,100,16170,0.19
OPP-01041,13,62,13,2023-08-19,2023-11-11,Negotiation,50,9453,0.02
OPP-01042,9,40,8,2023-02-27,2023-06-30,Proposal,10,61929,0.16
OPP-01043,15,34,19,2024-03-17,2024-05-03,Closed Lost,0,17352,0.12
OPP-01044,5,15,4,2023-04-16,2023-04-27,Closed Won,100,32704,0.16
OPP-01045,8,63,13,2023-06-16,2023-10-18,Prospecting,25,18906,0.01
OPP-01046,4,27,20,2023-12-25,2024-06-09,Proposal,50,11510,0.06
OPP-01047,1,94,7,2024-07-30,2024-11-21,Prospecting,25,12332,0.13
OPP-01048,8,48,19,2023-07-22,2023-09-11,Negotiation,50,52056,0.07
OPP-01049,14,18,16,2023-02-10,2023-06-17,Proposal,90,49340,0.19
OPP-01050,11,60,12,2024-07-15,2024-07-27,Qualification,25,78264,0.16
OPP-01051,13,25,13,2023-03-20,2023-07-04,Qualification,90,28359,0.17
OPP-01052,10,64,16,2024-05-21,2024-07-06,Closed Lost,0,19736,0.01
OPP-01053,2,31,5,2024-04-12,2024-05-02,Proposal,75,24255,0.1
OPP-01054,4,20,12,2023-06-09,2023-10-12,Qualification,50,29349,0.07
OPP-01055,7,95,20,2024-11-30,2025-04-02,Prospecting,25,28775,0.03
OPP-01056,2,39,6,2023-07-05,2023-09-19,Prospecting,75,7948,0.04
OPP-01057,14,46,4,2023-08-20,2024-01-04,Negotiation,50,32704,0.09
OPP-01058,14,38,9,2023-11-30,2024-02-04,Prospecting,75,71091,0.14
OPP-01059,3,2,20,2024-02-29,2024-07-01,Closed Lost,0,23020,0.15
OPP-01060,7,70,15,2024-08-10,2024-09-13,Proposal,90,28431,0.06
OPP-01061,5,25,3,2024-10-17,2024-11-18,Closed Lost,0,41660,0.13
OPP-01062,1,72,12,2023-09-28,2024-01-17,Qualification,50,97830,0.16
OPP-01063,13,54,10,2023-06-04,2023-11-16,Closed Lost,0,51940,0.04
OPP-01064,11,96,1,2023-10-13,2024-01-08,Closed Won,100,32992,0.11
OPP-01065,5,63,11,2023-11-05,2024-01-11,Closed Lost,0,87550,0.17
OPP-01066,11,65,8,2024-05-26,2024-11-20,Closed Won,100,20643,0.17
OPP-01067,8,96,19,2023-08-20,2024-02-01,Negotiation,50,34704,0.16
OPP-01068,9,19,1,2023-07-04,2023-11-06,Prospecting,50,74232,0.16
OPP-01069,9,5,1,2023-12-28,2024-05-14,Qualification,10,49488,0.14
OPP-01070,13,45,15,2024-03-01,2024-08-07,Qualification,90,56862,0.0
OPP-01071,2,93,11,2023-03-29,2023-05-11,Prospecting,25,61285,0.19
OPP-01072,13,44,14,2023-01-10,2023-06-09,Prospecting,90,24248,0.16
OPP-01073,2,41,6,2023-07-10,2023-09-16,Qualification,75,23844,0.09
OPP-01074,1,81,20,2024-10-02,2025-03-25,Negotiation,10,51795,0.18
OPP-01075,6,31,18,2023-12-15,2024-04-08,Negotiation,25,5106,0.19
OPP-01076,15,49,10,2023-03-26,2023-04-30,Qualification,25,29680,0.14
OPP-01077,4,43,10,2024-05-03,2024-06-21,Prospecting,25,74200,0.15
OPP-01078,14,16,3,2024-02-11,2024-07-06,Proposal,90,20830,0.13
OPP-01079,9,47,3,2023-12-21,2024-03-17,Closed Won,100,12498,0.17
OPP-01080,11,4,5,2023-05-06,2023-09-11,Proposal,10,10780,0.13
OPP-01081,13,80,2,2024-03-25,2024-06-07,Proposal,10,9666,0.16
OPP-01082,6,61,20,2023-12-17,2024-06-03,Qualification,25,28775,0.14
OPP-01083,12,46,17,2023-06-07,2023-11-15,Closed Lost,0,14855,0.18
OPP-01084,8,56,20,2024-04-02,2024-04-30,Closed Lost,0,5755,0.08
OPP-01085,5,45,2,2023-06-14,2023-07-23,Closed Won,100,48330,0.12
OPP-01086,12,44,13,2023-02-14,2023-04-09,Qualification,25,9453,0.06
OPP-01087,2,76,11,2023-11-30,2024-01-18,Negotiation,25,26265,0.07
OPP-01088,5,26,7,2023-02-23,2023-06-22,Proposal,25,6166,0.09
OPP-01089,1,46,16,2023-12-21,2024-06-02,Closed Won,100,29604,0.18
OPP-01090,1,46,14,2023-06-15,2023-07-06,Prospecting,75,36372,0.11
OPP-01091,5,99,17,2023-07-24,2023-11-01,Qualification,90,2971,0.17
OPP-01092,5,49,3,2023-07-29,2023-11-25,Qualification,25,29162,0.07
OPP-01093,10,88,8,2023-03-09,2023-06-26,Prospecting,10,48167,0.12
OPP-01094,1,5,1,2023-07-08,2023-08-02,Closed Won,100,57736,0.15
OPP-01095,5,50,15,2023-02-19,2023-08-18,Closed Lost,0,66339,0.03
OPP-01096,8,29,7,2024-01-29,2024-07-15,Prospecting,75,36996,0.06
OPP-01097,5,51,4,2023-06-06,2023-08-11,Negotiation,90,57232,0.1
OPP-01098,10,59,4,2023-10-09,2023-11-07,Closed Lost,0,49056,0.06
OPP-01099,5,3,17,2024-07-08,2024-12-28,Closed Won,100,29710,0.19
OPP-01100,5,83,20,2023-05-01,2023-06-16,Prospecting,25,34530,0.17
OPP-01101,5,77,11,2023-10-20,2023-11-13,Negotiation,90,87550,0.16
OPP-01102,1,86,1,2023-07-13,2024-01-03,Qualification,50,24744,0.07
OPP-01103,3,17,8,2023-04-14,2023-09-19,Closed Won,100,20643,0.08
OPP-01104,11,90,11,2024-02-22,2024-06-20,Prospecting,10,87550,0.14
OPP-01105,15,93,9,2024-01-07,2024-03-12,Prospecting,10,39495,0.09
OPP-01106,9,22,2,2023-10-20,2024-02-20,Negotiation,25,57996,0.14
OPP-01107,4,24,20,2024-07-16,2024-12-17,Qualification,90,11510,0.04
OPP-01108,4,68,18,2024-09-14,2024-11-27,Prospecting,75,5957,0.03
OPP-01109,2,96,1,2023-02-12,2023-04-26,Qualification,75,74232,0.15
OPP-01110,15,51,16,2024-05-10,2024-10-17,Closed Lost,0,14802,0.08
OPP-01111,10,60,18,2023-01-21,2023-07-06,Prospecting,25,5106,0.04
OPP-01112,2,2,15,2024-03-21,2024-05-28,Proposal,25,85293,0.18
OPP-01113,10,27,2,2023-11-10,2024-03-15,Closed Won,100,96660,0.11
OPP-01114,15,5,19,2023-07-19,2023-10-19,Closed Lost,0,8676,0.04
OPP-01115,3,48,15,2024-09-02,2024-11-16,Closed Lost,0,9477,0.14
OPP-01116,15,23,12,2024-07-17,2024-10-01,Closed Won,100,78264,0.13
OPP-01117,6,16,18,2023-04-20,2023-09-14,Closed Lost,0,8510,0.05
OPP-01118,14,62,2,2024-05-13,2024-11-09,Prospecting,10,38664,0.17
OPP-01119,1,65,12,2024-11-15,2025-03-01,Qualification,50,58698,0.04
OPP-01120,10,37,6,2023-06-27,2023-11-20,Closed Won,100,55636,0.11
OPP-01121,5,39,14,2023-10-13,2024-01-10,Closed Won,100,24248,0.06
OPP-01122,12,47,9,2023-10-12,2024-01-29,Negotiation,10,47394,0.02
OPP-01123,8,33,16,2024-04-13,2024-09-04,Proposal,50,4934,0.03
OPP-01124,3,58,12,2024-02-02,2024-07-29,Qualification,25,19566,0.11
OPP-01125,11,41,15,2023-10-24,2024-01-30,Closed Lost,0,66339,0.05
OPP-01126,10,21,15,2023-07-20,2023-08-19,Qualification,10,75816,0.02
OPP-01127,13,33,7,2023-07-06,2023-11-27,Negotiation,10,30830,0.01
OPP-01128,14,3,2,2023-12-07,2023-12-21,Proposal,10,86994,0.04
OPP-01129,1,63,12,2023-03-13,2023-05-20,Proposal,10,58698,0.12
OPP-01130,2,52,11,2024-01-21,2024-07-03,Negotiation,10,26265,0.11
OPP-01131,3,64,13,2024-04-16,2024-04-29,Prospecting,50,3151,0.2
OPP-01132,2,19,4,2023-12-07,2024-01-01,Prospecting,25,8176,0.08
OPP-01133,6,79,6,2024-07-02,2024-12-12,Negotiation,75,47688,0.03
OPP-01134,14,44,16,2024-01-12,2024-02-02,Prospecting,90,19736,0.09
OPP-01135,9,1,14,2023-04-26,2023-05-19,Negotiation,25,12124,0.02
OPP-01136,1,58,5,2023-05-04,2023-06-20,Closed Lost,0,2695,0.03
OPP-01137,2,47,6,2024-05-21,2024-07-15,Prospecting,75,31792,0.15
OPP-01138,7,63,17,2023-11-10,2024-01-24,Negotiation,25,2971,0.11
OPP-01139,11,36,16,2023-11-25,2024-05-11,Negotiation,90,24670,0.17
OPP-01140,12,2,6,2024-04-09,2024-06-26,Closed Won,100,15896,0.07
OPP-01141,1,17,12,2024-06-25,2024-10-26,Closed Won,100,97830,0.12
OPP-01142,11,28,10,2023-05-07,2023-08-04,Qualification,50,74200,0.0
OPP-01143,4,2,6,2023-12-09,2024-02-12,Negotiation,90,7948,0.13
OPP-01144,3,85,13,2024-03-15,2024-09-10,Closed Won,100,25208,0.1
OPP-01145,15,69,10,2023-05-29,2023-07-21,Prospecting,50,44520,0.05
OPP-01146,9,5,3,2023-07-10,2023-10-17,Qualification,75,37494,0.15
OPP-01147,1,70,3,2023-03-12,2023-08-28,Proposal,25,24996,0.1
OPP-01148,8,60,14,2024-05-17,2024-08-21,Prospecting,90,54558,0.02
OPP-01149,5,89,20,2023-06-12,2023-11-21,Qualification,50,23020,0.15
OPP-01150,7,62,4,2023-02-04,2023-03-04,Closed Won,100,24528,0.15
OPP-01151,13,26,10,2023-08-26,2023-11-17,Prospecting,90,22260,0.19
OPP-01152,13,100,14,2023-09-26,2023-10-17,Prospecting,75,48496,0.18
OPP-01153,15,31,19,2024-09-17,2025-02-22,Prospecting,90,26028,0.2
OPP-01154,5,13,19,2024-06-03,2024-10-25,Qualification,25,26028,0.2
OPP-01155,10,16,16,2024-08-18,2024-08-31,Qualification,90,24670,0.19
OPP-01156,10,81,6,2023-09-17,2024-02-12,Closed Won,100,55636,0.02
OPP-01157,12,74,14,2024-07-14,2024-12-23,Prospecting,75,18186,0.09
OPP-01158,4,51,10,2023-06-21,2023-10-05,Prospecting,10,14840,0.07
OPP-01159,8,42,15,2023-09-16,2023-10-05,Qualification,90,94770,0.11
OPP-01160,13,91,3,2023-11-03,2024-03-28,Closed Won,100,20830,0.02
OPP-01161,12,64,19,2024-08-04,2024-10-27,Negotiation,75,69408,0.15
OPP-01162,12,61,2,2024-07-17,2024-09-14,Closed Lost,0,86994,0.01
OPP-01163,15,84,2,2024-07-18,2024-11-11,Proposal,75,96660,0.01
OPP-01164,15,63,10,2024-01-05,2024-06-19,Proposal,75,44520,0.04
OPP-01165,8,100,9,2024-06-07,2024-07-28,Qualification,75,23697,0.09
OPP-01166,15,16,16,2024-08-11,2024-12-15,Prospecting,75,29604,0.06
OPP-01167,9,93,9,2023-08-09,2023-11-13,Prospecting,75,78990,0.16
OPP-01168,6,74,19,2023-10-28,2024-03-23,Prospecting,25,17352,0.02
OPP-01169,10,81,16,2023-08-10,2024-01-25,Qualification,75,34538,0.19
OPP-01170,15,65,8,2023-06-27,2023-10-02,Proposal,90,6881,0.04
OPP-01171,9,15,20,2023-06-29,2023-12-18,Qualification,90,51795,0.04
OPP-01172,9,84,6,2023-10-04,2023-12-10,Proposal,10,71532,0.13
OPP-01173,9,62,16,2024-03-10,2024-03-21,Prospecting,25,14802,0.01
OPP-01174,4,21,1,2023-12-30,2024-01-09,Proposal,50,32992,0.2
OPP-01175,15,99,2,2023-05-23,2023-08-03,Negotiation,90,57996,0.06
OPP-01176,15,72,9,2024-09-05,2024-11-01,Proposal,90,63192,0.13
OPP-01177,15,63,15,2024-03-05,2024-06-21,Prospecting,50,37908,0.18
OPP-01178,4,35,13,2023-09-11,2023-12-17,Proposal,75,12604,0.15
OPP-01179,11,69,14,2024-09-04,2025-01-01,Qualification,10,60620,0.11
OPP-01180,4,67,12,2024-03-13,2024-06-26,Qualification,90,29349,0.08
OPP-01181,9,65,5,2024-02-07,2024-04-09,Negotiation,90,5390,0.05
OPP-01182,2,46,8,2024-08-03,2024-10-09,Proposal,90,61929,0.12
OPP-01183,11,58,16,2023-09-02,2023-09-22,Closed Won,100,4934,0.19
OPP-01184,10,69,19,2023-02-13,2023-04-09,Negotiation,75,86760,0.17
OPP-01185,5,27,16,2023-09-06,2024-01-27,Prospecting,25,19736,0.09
OPP-01186,7,47,2,2023-09-24,2023-12-04,Qualification,90,86994,0.06
OPP-01187,4,47,11,2023-02-22,2023-07-03,Closed Won,100,43775,0.04
OPP-01188,8,22,19,2024-01-07,2024-04-19,Proposal,10,78084,0.14
OPP-01189,14,12,2,2023-08-01,2023-10-09,Closed Lost,0,9666,0.03
OPP-01190,12,47,1,2023-10-02,2024-01-31,Qualification,25,74232,0.12
OPP-01191,5,3,17,2023-10-26,2023-12-27,Closed Won,100,2971,0.12
OPP-01192,15,4,14,2024-02-07,2024-05-02,Closed Won,100,48496,0.04
OPP-01193,1,2,4,2024-08-01,2025-01-24,Closed Lost,0,57232,0.06
OPP-01194,11,75,5,2023-07-04,2023-10-25,Proposal,10,16170,0.11
OPP-01195,10,10,18,2024-07-07,2024-09-03,Prospecting,75,3404,0.13
OPP-01196,1,31,12,2023-04-26,2023-06-23,Prospecting,90,39132,0.17
OPP-01197,1,13,17,2024-07-12,2024-12-07,Closed Won,100,11884,0.01
OPP-01198,1,72,19,2024-10-14,2024-12-12,Prospecting,10,26028,0.08
OPP-01199,9,93,5,2024-04-19,2024-05-25,Prospecting,90,26950,0.0
OPP-01200,14,18,19,2024-04-09,2024-08-24,Qualification,50,78084,0.08
OPP-01201,10,27,4,2024-05-02,2024-09-27,Qualification,10,40880,0.13
OPP-01202,4,99,8,2024-04-14,2024-07-19,Closed Lost,0,68810,0.13
OPP-01203,6,50,8,2024-07-31,2024-08-10,Prospecting,10,61929,0.14
OPP-01204,7,57,13,2024-06-19,2024-11-21,Prospecting,10,28359,0.15
OPP-01205,10,93,10,2024-09-10,2025-01-16,Prospecting,25,29680,0.19
OPP-01206,12,68,19,2023-07-15,2023-08-28,Proposal,75,26028,0.16
OPP-01207,10,49,12,2024-06-02,2024-10-07,Closed Won,100,48915,0.2
OPP-01208,6,35,6,2023-12-08,2024-02-06,Negotiation,25,47688,0.02
OPP-01209,4,34,2,2024-09-16,2024-12-31,Closed Lost,0,67662,0.09
OPP-01210,15,59,10,2023-10-12,2023-12-29,Closed Lost,0,29680,0.04
OPP-01211,10,22,20,2023-12-02,2024-04-05,Closed Lost,0,17265,0.11
OPP-01212,14,18,18,2023-05-03,2023-09-22,Prospecting,90,3404,0.13
OPP-01213,2,67,2,2023-01-11,2023-03-26,Prospecting,10,67662,0.06
OPP-01214,12,80,17,2023-06-04,2023-07-11,Proposal,75,26739,0.13
OPP-01215,12,59,16,2023-03-31,2023-09-09,Closed Won,100,39472,0.05
OPP-01216,13,2,13,2023-07-19,2023-12-18,Qualification,75,28359,0.0
OPP-01217,8,5,1,2024-06-06,2024-10-11,Closed Won,100,57736,0.03
OPP-01218,4,4,8,2023-08-26,2023-11-15,Prospecting,75,48167,0.13
OPP-01219,13,79,13,2023-06-23,2023-12-02,Qualification,25,12604,0.13
OPP-01220,13,8,13,2024-05-22,2024-07-20,Prospecting,90,15755,0.01
OPP-01221,12,77,19,2023-06-19,2023-09-19,Qualification,75,8676,0.2
OPP-01222,10,7,18,2024-02-15,2024-04-27,Proposal,50,6808,0.19
OPP-01223,14,27,13,2023-07-29,2023-11-22,Qualification,10,3151,0.19
OPP-01224,13,88,10,2023-07-11,2023-08-22,Proposal,50,51940,0.0
OPP-01225,9,13,16,2024-06-24,2024-08-27,Qualification,75,19736,0.16
OPP-01226,10,98,13,2023-06-05,2023-08-03,Closed Won,100,28359,0.15
OPP-01227,12,27,20,2024-08-04,2024-10-09,Closed Won,100,11510,0.05
OPP-01228,13,14,15,2023-09-26,2024-01-03,Prospecting,50,56862,0.17
OPP-01229,6,19,10,2023-11-11,2023-11-27,Closed Lost,0,7420,0.17
OPP-01230,14,97,17,2023-12-01,2024-04-10,Qualification,75,2971,0.03
OPP-01231,15,41,17,2023-08-31,2024-02-06,Prospecting,25,17826,0.13
OPP-01232,8,99,10,2024-08-05,2024-09-27,Proposal,25,22260,0.06
OPP-01233,5,87,9,2024-04-21,2024-06-26,Prospecting,90,31596,0.09
OPP-01234,2,76,8,2024-06-21,2024-10-27,Prospecting,10,20643,0.19
OPP-01235,1,83,9,2023-05-22,2023-07-13,Negotiation,50,55293,0.2
OPP-01236,3,85,19,2024-11-15,2024-12-20,Negotiation,10,17352,0.19
OPP-01237,8,2,6,2024-05-13,2024-07-12,Negotiation,10,71532,0.14
OPP-01238,6,93,5,2023-07-05,2023-12-29,Closed Won,100,8085,0.12
OPP-01239,5,22,7,2023-11-16,2024-04-27,Proposal,10,30830,0.0
OPP-01240,9,68,8,2023-04-15,2023-07-23,Prospecting,75,61929,0.15
OPP-01241,2,65,19,2024-02-18,2024-04-29,Closed Won,100,34704,0.1
OPP-01242,13,17,16,2024-05-02,2024-10-01,Proposal,90,44406,0.05
OPP-01243,12,67,12,2023-06-06,2023-07-08,Negotiation,10,9783,0.12
OPP-01244,13,45,1,2024-05-09,2024-08-25,Negotiation,50,24744,0.11
OPP-01245,6,25,8,2024-05-11,2024-07-20,Closed Won,100,34405,0.05
OPP-01246,11,62,11,2024-01-29,2024-05-29,Prospecting,90,61285,0.05
OPP-01247,9,87,5,2024-06-01,2024-07-04,Closed Won,100,10780,0.13
OPP-01248,3,26,7,2024-05-08,2024-08-01,Prospecting,25,43162,0.19
OPP-01249,11,85,11,2024-07-13,2024-11-13,Negotiation,25,8755,0.13
OPP-01250,6,49,4,2024-10-17,2024-11-29,Closed Won,100,57232,0.2
OPP-01251,5,44,10,2024-05-24,2024-10-26,Closed Won,100,22260,0.03
OPP-01252,9,53,13,2023-12-26,2024-03-17,Negotiation,25,6302,0.16
OPP-01253,11,86,19,2024-09-15,2024-11-29,Closed Won,100,52056,0.0
OPP-01254,7,40,4,2023-10-11,2023-10-26,Qualification,10,40880,0.16
OPP-01255,5,78,20,2023-11-16,2024-01-08,Closed Won,100,34530,0.04
OPP-01256,11,15,19,2023-08-08,2023-10-08,Proposal,75,34704,0.17
OPP-01257,9,98,10,2024-09-03,2024-09-29,Prospecting,25,51940,0.07
OPP-01258,5,54,9,2024-06-06,2024-08-01,Qualification,90,23697,0.13
OPP-01259,3,70,3,2023-01-02,2023-04-08,Closed Lost,0,41660,0.19
OPP-01260,15,85,12,2023-03-22,2023-09-05,Closed Won,100,97830,0.16
OPP-01261,15,16,7,2023-11-07,2024-01-08,Prospecting,75,36996,0.0
OPP-01262,12,87,12,2023-10-26,2024-01-13,Qualification,75,68481,0.15
OPP-01263,7,82,3,2023-04-07,2023-05-28,Prospecting,10,4166,0.18
OPP-01264,4,73,2,2024-02-23,2024-07-05,Qualification,50,19332,0.16
OPP-01265,6,50,9,2023-08-08,2023-09-12,Closed Won,100,71091,0.17
OPP-01266,11,73,17,2023-12-20,2024-02-02,Prospecting,50,8913,0.0
OPP-01267,7,4,13,2024-05-18,2024-09-12,Qualification,25,12604,0.03
OPP-01268,5,39,6,2023-10-07,2024-03-24,Proposal,75,7948,0.18
OPP-01269,2,59,5,2023-06-08,2023-07-21,Closed Won,100,18865,0.12
OPP-01270,3,66,17,2024-08-30,2024-11-22,Prospecting,10,23768,0.14
OPP-01271,10,64,7,2023-06-13,2023-11-20,Qualification,90,43162,0.06
OPP-01272,9,16,10,2024-02-24,2024-07-24,Negotiation,75,37100,0.03
OPP-01273,3,66,5,2023-08-21,2024-01-12,Qualification,75,10780,0.01
OPP-01274,8,26,10,2023-03-25,2023-06-10,Prospecting,50,51940,0.08
OPP-01275,13,24,15,2023-08-05,2024-01-17,Negotiation,25,75816,0.13
OPP-01276,1,24,1,2024-05-18,2024-09-23,Proposal,75,16496,0.03
OPP-01277,11,10,5,2023-04-22,2023-07-16,Negotiation,90,16170,0.03
OPP-01278,14,88,5,2024-02-12,2024-07-14,Prospecting,50,26950,0.1
OPP-01279,10,57,17,2024-08-14,2024-12-09,Proposal,75,23768,0.19
OPP-01280,15,22,16,2023-06-03,2023-07-10,Qualification,75,34538,0.14
OPP-01281,6,69,12,2023-06-25,2023-08-27,Closed Won,100,58698,0.07
OPP-01282,10,97,7,2024-08-02,2025-01-16,Negotiation,75,55494,0.08
OPP-01283,1,68,20,2023-10-30,2023-11-27,Proposal,25,17265,0.16
OPP-01284,7,17,5,2024-08-05,2024-09-05,Closed Won,100,18865,0.06
OPP-01285,12,71,6,2024-04-17,2024-08-25,Proposal,90,47688,0.03
OPP-01286,2,18,13,2024-09-28,2025-01-03,Prospecting,10,15755,0.08
OPP-01287,1,21,14,2023-08-20,2023-10-29,Negotiation,10,42434,0.2
OPP-01288,6,66,13,2024-06-09,2024-11-07,Qualification,50,22057,0.04
OPP-01289,6,97,20,2024-10-30,2025-04-08,Prospecting,75,23020,0.19
OPP-01290,4,63,8,2024-09-01,2024-12-02,Qualification,75,27524,0.03
OPP-01291,15,59,2,2023-03-18,2023-07-25,Negotiation,90,38664,0.09
OPP-01292,15,43,6,2024-09-29,2024-11-27,Closed Won,100,47688,0.2
OPP-01293,13,13,7,2023-03-07,2023-07-08,Prospecting,75,6166,0.2
OPP-01294,8,91,3,2023-05-13,2023-07-15,Closed Lost,0,41660,0.19
OPP-01295,11,49,8,2023-11-12,2024-02-02,Prospecting,10,55048,0.19
OPP-01296,9,99,2,2024-10-28,2025-02-26,Closed Won,100,19332,0.05
OPP-01297,5,60,20,2023-04-09,2023-06-02,Negotiation,90,40285,0.13
OPP-01298,8,11,9,2024-05-27,2024-07-27,Qualification,10,78990,0.19
OPP-01299,7,63,2,2024-08-01,2024-11-23,Prospecting,50,57996,0.14
OPP-01300,12,84,4,2024-05-21,2024-07-25,Closed Lost,0,24528,0.11
OPP-01301,5,74,3,2023-10-17,2024-03-14,Proposal,10,16664,0.07
OPP-01302,7,73,19,2023-07-16,2023-11-27,Negotiation,25,60732,0.11
OPP-01303,10,22,11,2024-02-21,2024-03-23,Closed Lost,0,35020,0.14
OPP-01304,3,68,17,2023-10-28,2024-01-05,Prospecting,75,5942,0.16
OPP-01305,7,99,5,2024-07-22,2024-11-17,Negotiation,75,8085,0.19
OPP-01306,1,7,10,2023-03-11,2023-07-07,Proposal,25,66780,0.01
OPP-01307,7,44,16,2024-11-09,2025-03-05,Proposal,50,49340,0.16
OPP-01308,3,47,15,2024-02-05,2024-03-19,Proposal,75,75816,0.12
OPP-01309,2,66,13,2024-07-13,2024-10-06,Proposal,50,31510,0.03
OPP-01310,13,34,16,2024-03-20,2024-09-06,Negotiation,75,19736,0.02
OPP-01311,5,61,6,2023-07-07,2023-11-08,Prospecting,50,63584,0.14
OPP-01312,5,80,16,2023-11-07,2024-02-19,Proposal,75,4934,0.0
OPP-01313,5,73,14,2023-09-24,2023-12-26,Closed Won,100,24248,0.2
OPP-01314,12,2,6,2024-03-18,2024-07-10,Closed Won,100,71532,0.2
OPP-01315,15,78,17,2023-05-30,2023-06-11,Closed Lost,0,29710,0.19
OPP-01316,4,80,9,2024-03-08,2024-08-29,Prospecting,75,63192,0.02
OPP-01317,2,95,18,2024-06-28,2024-10-17,Qualification,25,5106,0.13
OPP-01318,3,76,3,2024-10-14,2025-01-18,Closed Lost,0,20830,0.14
OPP-01319,12,37,7,2024-06-21,2024-11-17,Negotiation,90,55494,0.17
OPP-01320,13,29,13,2024-05-08,2024-10-11,Prospecting,25,18906,0.06
OPP-01321,8,51,4,2024-06-07,2024-09-19,Negotiation,90,49056,0.04
OPP-01322,15,18,11,2024-10-30,2025-01-03,Negotiation,90,78795,0.11
OPP-01323,2,54,17,2024-11-27,2025-03-09,Closed Lost,0,5942,0.1
OPP-01324,9,22,4,2024-11-16,2024-12-01,Closed Lost,0,8176,0.1
OPP-01325,11,58,4,2024-05-26,2024-11-01,Negotiation,50,49056,0.17
OPP-01326,6,93,8,2024-03-15,2024-04-12,Proposal,10,55048,0.03
OPP-01327,14,98,20,2023-01-25,2023-02-16,Proposal,10,28775,0.02
OPP-01328,10,61,8,2023-10-07,2023-12-18,Closed Lost,0,61929,0.06
OPP-01329,6,50,3,2024-10-26,2025-03-07,Negotiation,90,37494,0.07
OPP-01330,8,91,4,2024-01-14,2024-05-27,Prospecting,75,65408,0.07
OPP-01331,9,17,1,2024-08-02,2024-12-05,Prospecting,75,65984,0.14
OPP-01332,11,5,19,2023-09-09,2024-02-25,Qualification,50,60732,0.12
OPP-01333,2,54,13,2024-04-10,2024-08-15,Negotiation,50,25208,0.01
OPP-01334,15,70,10,2023-06-21,2023-07-24,Proposal,25,29680,0.17
OPP-01335,14,4,4,2024-10-30,2025-02-22,Proposal,25,57232,0.05
OPP-01336,3,27,4,2023-04-15,2023-05-23,Negotiation,75,32704,0.2
OPP-01337,13,47,17,2024-06-24,2024-07-11,Prospecting,10,26739,0.04
OPP-01338,10,21,7,2023-08-14,2024-01-25,Qualification,10,12332,0.17
OPP-01339,3,31,12,2023-09-14,2024-01-25,Closed Won,100,19566,0.17
OPP-01340,6,100,5,2024-01-04,2024-03-15,Negotiation,25,24255,0.02
OPP-01341,2,11,5,2023-05-23,2023-06-30,Closed Won,100,16170,0.02
OPP-01342,11,33,8,2024-01-29,2024-06-30,Prospecting,90,34405,0.05
OPP-01343,14,65,15,2023-10-30,2024-02-23,Qualification,25,75816,0.0
OPP-01344,12,8,1,2023-09-18,2024-02-17,Closed Lost,0,57736,0.16
OPP-01345,5,21,7,2023-05-31,2023-08-04,Negotiation,50,12332,0.12
OPP-01346,9,84,10,2024-06-25,2024-07-26,Proposal,25,66780,0.03
OPP-01347,6,97,5,2024-11-14,2025-03-16,Proposal,75,26950,0.08
OPP-01348,4,11,7,2024-04-11,2024-08-25,Closed Won,100,30830,0.14
OPP-01349,15,56,13,2024-11-14,2025-01-20,Prospecting,10,31510,0.18
OPP-01350,4,93,6,2023-10-15,2023-12-12,Proposal,10,31792,0.14
OPP-01351,10,41,8,2023-02-08,2023-04-01,Closed Lost,0,68810,0.05
OPP-01352,6,17,5,2024-11-01,2024-11-11,Negotiation,50,5390,0.11
OPP-01353,5,38,8,2023-11-09,2024-04-22,Proposal,25,68810,0.14
OPP-01354,3,86,18,2023-01-16,2023-06-19,Proposal,50,7659,0.18
OPP-01355,10,10,11,2023-10-22,2024-03-24,Negotiation,10,8755,0.13
OPP-01356,2,13,13,2024-03-04,2024-04-08,Closed Won,100,28359,0.17
OPP-01357,9,96,10,2024-03-25,2024-04-25,Closed Lost,0,29680,0.01
OPP-01358,11,42,13,2024-07-22,2024-12-31,Qualification,50,31510,0.12
OPP-01359,15,82,2,2024-05-22,2024-07-24,Closed Won,100,57996,0.12
OPP-01360,14,20,16,2024-08-14,2025-02-02,Prospecting,90,49340,0.06
OPP-01361,12,73,9,2023-04-29,2023-08-04,Qualification,25,55293,0.12
OPP-01362,3,30,3,2023-11-10,2024-01-09,Qualification,90,12498,0.06
OPP-01363,11,40,19,2024-11-25,2024-12-05,Negotiation,25,34704,0.04
OPP-01364,15,85,8,2023-12-25,2024-04-09,Proposal,75,41286,0.05
OPP-01365,14,33,1,2023-12-08,2024-05-17,Proposal,25,16496,0.07
OPP-01366,6,19,5,2023-07-01,2023-09-13,Qualification,75,8085,0.17
OPP-01367,14,75,15,2024-07-18,2024-09-24,Closed Won,100,66339,0.08
OPP-01368,11,82,2,2023-08-01,2023-12-18,Prospecting,25,96660,0.11
OPP-01369,13,61,8,2024-10-31,2025-01-08,Proposal,90,48167,0.08
OPP-01370,6,17,12,2024-11-15,2025-04-18,Prospecting,25,19566,0.16
OPP-01371,10,6,17,2023-01-20,2023-03-13,Prospecting,50,11884,0.05
OPP-01372,15,88,15,2023-12-31,2024-05-03,Qualification,50,37908,0.15
OPP-01373,4,84,1,2023-07-14,2023-10-20,Proposal,50,82480,0.02
OPP-01374,14,54,13,2024-10-04,2025-03-27,Proposal,50,25208,0.2
OPP-01375,2,27,10,2024-06-01,2024-11-12,Proposal,25,37100,0.12
OPP-01376,13,13,15,2023-07-23,2023-09-15,Proposal,50,9477,0.0
OPP-01377,7,93,13,2024-06-04,2024-11-23,Closed Won,100,9453,0.13
OPP-01378,11,4,2,2024-04-17,2024-07-24,Closed Won,100,86994,0.02
OPP-01379,8,22,19,2023-09-08,2023-11-23,Proposal,90,17352,0.01
OPP-01380,5,59,16,2023-09-06,2023-10-28,Qualification,50,4934,0.12
OPP-01381,3,58,4,2023-05-13,2023-06-06,Negotiation,50,40880,0.09
OPP-01382,2,98,20,2023-09-28,2024-02-26,Prospecting,50,51795,0.16
OPP-01383,1,74,4,2023-12-12,2023-12-29,Closed Lost,0,24528,0.13
OPP-01384,5,5,13,2023-07-02,2023-07-25,Qualification,75,31510,0.12
OPP-01385,2,18,18,2024-07-26,2024-09-04,Negotiation,25,851,0.19
OPP-01386,1,98,4,2024-11-17,2024-12-18,Closed Won,100,32704,0.1
OPP-01387,4,39,3,2024-10-09,2024-12-24,Prospecting,90,37494,0.03
OPP-01388,12,10,2,2024-04-07,2024-09-13,Closed Won,100,96660,0.12
OPP-01389,9,5,9,2024-03-28,2024-09-19,Prospecting,90,7899,0.03
OPP-01390,9,48,16,2023-02-08,2023-04-01,Closed Won,100,29604,0.18
OPP-01391,15,63,10,2023-06-12,2023-11-16,Prospecting,90,51940,0.15
OPP-01392,5,78,19,2024-04-10,2024-08-07,Proposal,50,86760,0.01
OPP-01393,10,90,13,2023-07-03,2023-08-27,Proposal,25,25208,0.05
OPP-01394,5,73,2,2024-06-21,2024-11-26,Negotiation,75,9666,0.18
OPP-01395,13,64,2,2023-08-30,2023-12-17,Negotiation,50,28998,0.14
OPP-01396,10,21,2,2023-05-18,2023-07-05,Prospecting,90,9666,0.19
OPP-01397,2,97,8,2023-08-18,2023-10-01,Closed Won,100,6881,0.16
OPP-01398,2,7,6,2023-11-12,2024-04-30,Proposal,10,79480,0.08
OPP-01399,4,22,17,2024-04-04,2024-08-12,Qualification,25,11884,0.09
OPP-01400,12,39,15,2023-11-14,2024-01-11,Proposal,25,66339,0.07
OPP-01401,12,11,5,2024-02-13,2024-07-22,Qualification,10,2695,0.06
OPP-01402,9,41,11,2024-03-07,2024-04-14,Prospecting,25,61285,0.2
OPP-01403,1,75,6,2024-07-31,2024-11-11,Closed Won,100,63584,0.19
OPP-01404,5,76,18,2023-04-18,2023-08-18,Negotiation,25,2553,0.18
OPP-01405,10,25,15,2023-05-26,2023-07-21,Proposal,90,47385,0.11
OPP-01406,2,90,11,2024-03-03,2024-04-17,Closed Lost,0,35020,0.01
OPP-01407,6,23,10,2023-12-11,2024-01-24,Prospecting,50,74200,0.05
OPP-01408,8,29,3,2023-09-15,2024-02-26,Prospecting,75,33328,0.12
OPP-01409,2,41,10,2023-05-11,2023-08-14,Proposal,25,7420,0.2
OPP-01410,2,37,12,2024-02-17,2024-06-03,Qualification,90,58698,0.14
OPP-01411,10,56,19,2023-10-17,2024-01-04,Negotiation,10,86760,0.17
OPP-01412,11,19,3,2024-01-02,2024-05-01,Prospecting,10,20830,0.04
OPP-01413,15,49,14,2023-08-26,2024-02-22,Qualification,50,6062,0.2
OPP-01414,13,19,20,2023-02-01,2023-03-22,Closed Won,100,40285,0.14
OPP-01415,13,71,1,2024-03-11,2024-08-09,Closed Won,100,74232,0.13
OPP-01416,14,18,9,2023-04-05,2023-09-25,Prospecting,50,55293,0.01
OPP-01417,15,5,8,2023-06-05,2023-09-02,Negotiation,75,68810,0.09
OPP-01418,11,14,20,2024-01-13,2024-02-28,Prospecting,25,28775,0.0
OPP-01419,8,73,20,2024-05-17,2024-10-17,Prospecting,90,17265,0.11
OPP-01420,3,6,2,2024-09-09,2024-11-15,Proposal,10,19332,0.02
OPP-01421,15,41,9,2023-12-11,2024-05-18,Prospecting,90,23697,0.05
OPP-01422,5,36,14,2023-03-18,2023-08-22,Prospecting,25,48496,0.03
OPP-01423,14,46,16,2024-08-21,2025-01-20,Closed Lost,0,14802,0.0
OPP-01424,13,63,11,2023-06-10,2023-08-14,Proposal,75,17510,0.08
OPP-01425,11,81,9,2023-02-24,2023-04-17,Closed Lost,0,23697,0.04
OPP-01426,2,66,6,2024-08-29,2025-01-21,Prospecting,75,23844,0.07
OPP-01427,4,89,16,2024-04-24,2024-06-29,Proposal,90,49340,0.01
OPP-01428,4,13,3,2024-05-24,2024-10-03,Closed Won,100,41660,0.01
OPP-01429,6,84,6,2023-01-11,2023-06-17,Prospecting,75,63584,0.02
OPP-01430,15,5,20,2024-07-13,2024-11-24,Proposal,75,23020,0.18
OPP-01431,5,20,12,2023-09-28,2023-12-08,Negotiation,90,97830,0.16
OPP-01432,12,68,14,2024-09-28,2025-02-12,Prospecting,10,6062,0.07
OPP-01433,13,98,6,2023-03-28,2023-08-20,Negotiation,10,63584,0.17
OPP-01434,14,72,13,2023-04-21,2023-07-21,Proposal,50,3151,0.12
OPP-01435,15,61,2,2024-03-08,2024-05-04,Closed Won,100,67662,0.07
OPP-01436,6,16,13,2024-11-05,2025-04-26,Closed Won,100,12604,0.14
OPP-01437,3,64,2,2024-03-18,2024-05-06,Negotiation,10,67662,0.13
OPP-01438,9,57,12,2023-01-16,2023-04-07,Closed Lost,0,29349,0.0
OPP-01439,6,75,12,2024-03-11,2024-08-24,Proposal,75,29349,0.16
OPP-01440,8,6,5,2023-08-07,2024-01-03,Proposal,10,2695,0.11
OPP-01441,2,11,17,2024-03-28,2024-07-10,Qualification,75,26739,0.06
OPP-01442,10,19,4,2024-10-29,2024-12-15,Closed Lost,0,65408,0.2
OPP-01443,4,65,9,2024-05-28,2024-07-27,Proposal,75,15798,0.08
OPP-01444,5,1,20,2024-08-03,2024-11-15,Closed Lost,0,17265,0.06
OPP-01445,6,52,19,2024-05-28,2024-06-11,Negotiation,90,60732,0.2
OPP-01446,2,85,18,2024-08-27,2024-12-11,Proposal,50,6808,0.02
OPP-01447,10,42,13,2023-05-05,2023-06-13,Qualification,25,28359,0.18
OPP-01448,15,91,2,2023-11-29,2024-03-03,Qualification,25,9666,0.16
OPP-01449,6,3,10,2024-11-15,2025-01-05,Negotiation,50,22260,0.17
OPP-01450,1,22,19,2023-09-23,2024-03-10,Prospecting,25,52056,0.07
OPP-01451,3,54,17,2024-11-29,2025-02-06,Closed Won,100,17826,0.13
OPP-01452,14,33,15,2024-01-30,2024-06-04,Closed Lost,0,94770,0.15
OPP-01453,15,9,11,2023-09-03,2023-09-21,Proposal,50,26265,0.02
OPP-01454,3,31,9,2023-08-02,2023-12-23,Closed Won,100,15798,0.19
OPP-01455,2,53,4,2023-01-09,2023-05-27,Qualification,10,8176,0.07
OPP-01456,11,41,14,2024-11-09,2025-04-25,Closed Won,100,54558,0.05
OPP-01457,6,86,14,2024-11-08,2025-04-28,Prospecting,25,30310,0.03
OPP-01458,2,73,7,2023-08-06,2023-11-22,Prospecting,25,12332,0.06
OPP-01459,5,31,8,2023-10-14,2024-02-02,Proposal,90,20643,0.05
OPP-01460,6,11,19,2023-08-03,2023-08-30,Negotiation,90,17352,0.11
OPP-01461,8,40,8,2024-05-14,2024-07-16,Qualification,10,34405,0.04
OPP-01462,14,6,8,2023-04-19,2023-09-13,Qualification,10,61929,0.02
OPP-01463,3,57,1,2024-05-17,2024-09-12,Closed Won,100,32992,0.15
OPP-01464,15,46,12,2023-02-18,2023-04-17,Prospecting,25,39132,0.2
OPP-01465,3,28,19,2023-05-24,2023-10-09,Qualification,75,8676,0.08
OPP-01466,7,37,6,2023-07-17,2023-08-12,Qualification,25,71532,0.16
OPP-01467,13,11,8,2023-02-12,2023-03-13,Proposal,90,27524,0.09
OPP-01468,7,85,11,2024-06-24,2024-09-30,Proposal,90,26265,0.18
OPP-01469,2,94,6,2023-05-06,2023-08-29,Closed Won,100,71532,0.04
OPP-01470,1,38,19,2023-06-01,2023-09-20,Negotiation,10,8676,0.01
OPP-01471,13,32,18,2023-01-16,2023-03-17,Proposal,50,1702,0.07
OPP-01472,6,47,1,2023-12-19,2024-04-06,Prospecting,50,57736,0.04
OPP-01473,5,82,18,2024-05-02,2024-07-07,Closed Won,100,5106,0.1
OPP-01474,15,12,1,2024-06-25,2024-09-01,Negotiation,90,57736,0.09
OPP-01475,2,30,10,2023-03-20,2023-04-13,Proposal,90,66780,0.08
OPP-01476,2,11,9,2023-09-03,2024-01-12,Proposal,10,23697,0.09
OPP-01477,4,76,11,2024-02-08,2024-05-01,Closed Lost,0,78795,0.09
OPP-01478,9,19,9,2023-02-01,2023-07-04,Qualification,50,7899,0.05
OPP-01479,12,5,18,2023-04-26,2023-08-20,Closed Won,100,5957,0.19
OPP-01480,15,69,18,2023-04-19,2023-07-18,Negotiation,25,8510,0.06
OPP-01481,5,89,6,2024-11-11,2024-12-06,Closed Lost,0,31792,0.14
OPP-01482,7,64,7,2023-07-20,2023-10-01,Closed Won,100,43162,0.2
OPP-01483,3,85,11,2023-06-06,2023-07-24,Prospecting,75,87550,0.11
OPP-01484,9,17,9,2023-05-26,2023-06-08,Closed Lost,0,15798,0.07
OPP-01485,2,41,18,2024-04-19,2024-05-18,Qualification,25,851,0.0
OPP-01486,1,49,13,2023-06-28,2023-12-16,Closed Won,100,31510,0.03
OPP-01487,5,54,19,2023-01-11,2023-02-24,Qualification,10,17352,0.09
OPP-01488,11,31,16,2024-08-10,2024-12-27,Prospecting,50,19736,0.19
OPP-01489,4,28,15,2024-07-18,2024-10-08,Proposal,50,28431,0.2
OPP-01490,6,22,13,2024-08-20,2024-12-18,Proposal,75,6302,0.11
OPP-01491,6,85,17,2023-11-09,2024-05-02,Negotiation,25,2971,0.02
OPP-01492,6,86,6,2023-05-03,2023-07-18,Closed Lost,0,55636,0.05
OPP-01493,10,56,17,2023-03-25,2023-04-25,Qualification,10,29710,0.03
OPP-01494,5,100,4,2023-12-30,2024-04-17,Negotiation,90,73584,0.02
OPP-01495,12,7,16,2024-10-03,2025-03-06,Proposal,10,39472,0.08
OPP-01496,13,51,2,2024-05-30,2024-08-17,Closed Won,100,86994,0.2
OPP-01497,2,82,2,2023-07-31,2023-12-06,Negotiation,75,77328,0.11
OPP-01498,10,58,20,2023-03-23,2023-08-05,Closed Won,100,46040,0.05
OPP-01499,6,100,10,2024-05-08,2024-09-05,Prospecting,25,44520,0.05
OPP-01500,9,77,9,2023-12-14,2024-03-07,Prospecting,75,47394,0.05
OPP-01501,1,73,18,2024-04-08,2024-07-03,Proposal,90,5106,0.17
OPP-01502,15,64,20,2024-07-03,2024-10-10,Closed Lost,0,11510,0.12
OPP-01503,9,53,9,2024-10-15,2024-12-29,Closed Lost,0,47394,0.14
OPP-01504,2,25,14,2023-12-04,2024-04-04,Proposal,50,30310,0.19
OPP-01505,9,14,1,2024-04-28,2024-09-13,Qualification,50,32992,0.1
OPP-01506,6,43,20,2024-02-17,2024-02-27,Closed Lost,0,51795,0.0
OPP-01507,10,74,4,2023-06-03,2023-08-15,Closed Won,100,49056,0.09
OPP-01508,3,87,20,2024-11-13,2025-01-30,Closed Won,100,40285,0.09
OPP-01509,6,81,4,2023-11-16,2024-04-13,Closed Won,100,24528,0.0
OPP-01510,12,34,18,2023-09-25,2023-10-17,Proposal,50,6808,0.13
OPP-01511,1,8,7,2024-04-23,2024-06-23,Negotiation,25,12332,0.05
OPP-01512,11,49,3,2024-07-31,2024-09-04,Prospecting,90,4166,0.07
OPP-01513,12,41,7,2024-04-01,2024-09-03,Prospecting,90,61660,0.06
OPP-01514,3,44,10,2024-02-02,2024-06-19,Proposal,75,44520,0.09
OPP-01515,8,54,18,2023-03-18,2023-08-27,Closed Lost,0,3404,0.13
OPP-01516,1,37,3,2024-07-02,2024-07-24,Negotiation,75,8332,0.13
OPP-01517,12,65,13,2024-10-13,2025-01-30,Qualification,75,15755,0.02
OPP-01518,1,83,9,2023-07-20,2024-01-16,Qualification,50,7899,0.18
OPP-01519,4,35,3,2023-10-28,2023-11-07,Negotiation,90,29162,0.02
OPP-01520,3,45,2,2024-04-05,2024-09-28,Prospecting,10,19332,0.13
OPP-01521,9,15,11,2023-08-03,2023-09-01,Qualification,25,17510,0.14
OPP-01522,3,88,10,2023-10-19,2024-02-13,Closed Won,100,7420,0.05
OPP-01523,14,73,7,2024-11-22,2025-04-21,Closed Lost,0,55494,0.03
OPP-01524,13,84,17,2024-09-30,2025-01-14,Negotiation,90,29710,0.18
OPP-01525,5,64,19,2024-10-21,2025-04-18,Proposal,50,69408,0.12
OPP-01526,12,99,11,2024-08-28,2025-02-09,Qualification,25,17510,0.11
OPP-01527,15,6,13,2024-03-02,2024-08-11,Closed Won,100,31510,0.05
OPP-01528,8,1,4,2024-02-16,2024-03-25,Prospecting,90,16352,0.0
OPP-01529,11,15,19,2023-07-19,2023-11-23,Closed Lost,0,43380,0.01
OPP-01530,10,90,12,2024-10-21,2025-01-07,Proposal,50,88047,0.0
OPP-01531,8,78,10,2024-11-11,2025-05-04,Negotiation,25,7420,0.14
OPP-01532,5,27,16,2024-05-21,2024-11-10,Qualification,90,14802,0.1
OPP-01533,13,52,18,2024-03-01,2024-07-26,Proposal,10,4255,0.14
OPP-01534,11,62,20,2023-11-11,2024-01-05,Proposal,25,51795,0.13
OPP-01535,5,31,7,2023-08-29,2024-01-16,Prospecting,10,36996,0.09
OPP-01536,2,79,2,2024-11-30,2024-12-17,Negotiation,90,57996,0.02
OPP-01537,2,56,16,2023-10-01,2024-01-21,Prospecting,25,14802,0.09
OPP-01538,9,48,20,2024-05-14,2024-10-23,Prospecting,90,40285,0.01
OPP-01539,13,25,9,2023-08-06,2024-01-04,Prospecting,50,55293,0.14
OPP-01540,13,7,9,2024-10-31,2025-01-22,Prospecting,10,47394,0.09
OPP-01541,3,73,1,2024-10-11,2025-03-07,Proposal,25,41240,0.2
OPP-01542,2,45,13,2024-10-24,2024-11-29,Proposal,50,28359,0.12
OPP-01543,1,82,2,2024-05-15,2024-06-25,Prospecting,10,86994,0.01
OPP-01544,7,84,17,2024-11-18,2025-04-23,Qualification,25,17826,0.04
OPP-01545,2,26,5,2024-01-31,2024-06-08,Prospecting,10,13475,0.2
OPP-01546,14,30,3,2023-10-19,2024-03-16,Proposal,50,33328,0.11
OPP-01547,10,72,13,2024-10-14,2025-04-09,Qualification,10,15755,0.11
OPP-01548,8,6,11,2023-11-30,2024-01-17,Qualification,25,87550,0.15
OPP-01549,6,78,16,2023-02-10,2023-05-18,Proposal,50,9868,0.12
OPP-01550,10,48,10,2023-05-09,2023-08-14,Closed Lost,0,14840,0.08
OPP-01551,2,21,17,2024-03-11,2024-08-24,Prospecting,50,11884,0.15
OPP-01552,15,46,18,2023-12-27,2024-02-13,Closed Lost,0,5106,0.02
OPP-01553,8,5,7,2024-09-04,2024-10-31,Prospecting,90,24664,0.16
OPP-01554,4,87,12,2024-02-28,2024-08-24,Closed Lost,0,58698,0.02
OPP-01555,6,74,1,2024-05-21,2024-10-30,Negotiation,50,65984,0.0
OPP-01556,12,52,2,2023-05-08,2023-10-13,Qualification,75,38664,0.2
OPP-01557,6,72,3,2023-07-17,2023-11-20,Negotiation,50,33328,0.19
OPP-01558,13,47,5,2023-12-12,2024-03-15,Prospecting,10,8085,0.02
OPP-01559,9,88,16,2024-05-19,2024-09-09,Closed Won,100,9868,0.14
OPP-01560,7,46,14,2023-10-03,2023-11-24,Negotiation,50,42434,0.18
OPP-01561,10,97,2,2023-01-30,2023-04-24,Qualification,90,96660,0.13
OPP-01562,5,82,1,2023-11-21,2024-01-30,Negotiation,75,65984,0.08
OPP-01563,14,40,10,2024-02-09,2024-07-03,Qualification,90,37100,0.01
OPP-01564,15,100,3,2024-01-18,2024-07-14,Qualification,75,24996,0.1
OPP-01565,3,31,16,2023-02-14,2023-05-23,Proposal,25,44406,0.18
OPP-01566,11,55,4,2024-04-19,2024-08-23,Closed Won,100,8176,0.19
OPP-01567,15,15,11,2024-01-10,2024-03-23,Closed Lost,0,78795,0.11
OPP-01568,11,19,11,2024-04-09,2024-09-06,Negotiation,25,35020,0.15
OPP-01569,12,87,15,2023-05-30,2023-07-16,Negotiation,10,9477,0.19
OPP-01570,6,79,12,2024-10-05,2024-11-21,Proposal,50,39132,0.2
OPP-01571,11,81,5,2024-07-26,2024-10-18,Closed Won,100,18865,0.03
OPP-01572,11,88,9,2024-01-27,2024-04-26,Closed Won,100,39495,0.12
OPP-01573,12,15,19,2024-01-19,2024-05-05,Closed Won,100,26028,0.16
OPP-01574,8,14,5,2023-09-07,2023-10-07,Prospecting,90,5390,0.06
OPP-01575,14,16,11,2023-03-26,2023-04-21,Qualification,90,78795,0.0
OPP-01576,15,38,12,2023-11-14,2024-03-18,Negotiation,25,97830,0.15
OPP-01577,4,31,5,2023-05-06,2023-06-20,Closed Won,100,16170,0.14
OPP-01578,13,74,14,2023-11-14,2023-12-17,Negotiation,90,60620,0.13
OPP-01579,3,59,11,2024-05-10,2024-10-03,Prospecting,50,17510,0.11
OPP-01580,6,75,14,2024-11-19,2025-02-16,Negotiation,50,24248,0.13
OPP-01581,10,14,13,2024-09-26,2024-10-31,Proposal,50,22057,0.14
OPP-01582,14,11,5,2023-03-06,2023-07-03,Prospecting,90,26950,0.19
OPP-01583,11,5,7,2023-05-10,2023-06-10,Qualification,75,55494,0.2
OPP-01584,15,81,5,2023-04-25,2023-09-09,Qualification,75,26950,0.2
OPP-01585,2,35,3,2024-06-05,2024-12-01,Proposal,25,16664,0.07
OPP-01586,9,97,2,2024-07-24,2024-09-21,Negotiation,10,28998,0.06
OPP-01587,4,70,20,2023-04-07,2023-07-22,Negotiation,50,23020,0.13
OPP-01588,13,6,2,2024-05-30,2024-11-19,Negotiation,90,38664,0.09
OPP-01589,7,14,6,2023-12-06,2024-02-14,Negotiation,10,39740,0.1
OPP-01590,14,39,18,2023-02-12,2023-07-04,Prospecting,75,8510,0.04
OPP-01591,14,9,15,2023-08-23,2024-01-02,Closed Won,100,85293,0.15
OPP-01592,14,76,6,2023-12-19,2024-04-25,Closed Won,100,31792,0.1
OPP-01593,12,71,3,2024-04-05,2024-05-23,Qualification,90,29162,0.09
OPP-01594,11,12,12,2024-08-30,2024-12-14,Qualification,90,78264,0.01
OPP-01595,5,96,2,2023-07-30,2023-12-26,Prospecting,25,67662,0.0
OPP-01596,12,45,13,2024-02-08,2024-03-01,Proposal,75,12604,0.12
OPP-01597,3,17,1,2023-03-11,2023-08-11,Negotiation,25,74232,0.08
OPP-01598,3,69,18,2023-02-19,2023-07-07,Proposal,50,3404,0.18
OPP-01599,1,71,15,2023-04-29,2023-07-31,Prospecting,10,47385,0.16
OPP-01600,15,52,8,2024-10-12,2025-03-18,Prospecting,90,61929,0.08
OPP-01601,15,5,11,2023-05-04,2023-06-18,Closed Won,100,8755,0.09
OPP-01602,3,27,14,2024-05-11,2024-09-11,Proposal,75,24248,0.01
OPP-01603,2,75,2,2023-09-21,2024-02-01,Qualification,75,48330,0.15
OPP-01604,11,78,5,2024-02-14,2024-03-07,Prospecting,25,16170,0.03
OPP-01605,15,7,5,2023-04-18,2023-08-23,Closed Won,100,24255,0.14
OPP-01606,5,100,19,2024-04-22,2024-08-20,Prospecting,10,26028,0.2
OPP-01607,15,87,12,2024-04-07,2024-08-11,Closed Won,100,68481,0.02
OPP-01608,1,23,11,2024-04-04,2024-06-11,Closed Won,100,35020,0.06
OPP-01609,12,75,4,2023-06-21,2023-08-17,Qualification,50,32704,0.17
OPP-01610,11,23,3,2023-11-03,2024-02-07,Prospecting,10,8332,0.04
OPP-01611,7,15,4,2024-02-10,2024-07-09,Proposal,10,24528,0.0
OPP-01612,14,76,18,2023-10-26,2024-03-04,Prospecting,25,4255,0.09
OPP-01613,3,12,8,2023-07-31,2024-01-23,Prospecting,10,13762,0.0
OPP-01614,1,35,1,2023-01-19,2023-03-28,Proposal,25,8248,0.1
OPP-01615,1,17,19,2024-05-08,2024-10-26,Qualification,50,17352,0.14
OPP-01616,8,65,19,2024-10-24,2025-02-21,Proposal,90,69408,0.03
OPP-01617,14,41,6,2024-05-08,2024-06-08,Closed Won,100,79480,0.17
OPP-01618,7,66,12,2023-03-05,2023-07-10,Qualification,25,58698,0.15
OPP-01619,10,55,6,2023-11-24,2024-01-13,Negotiation,90,31792,0.17
OPP-01620,1,32,8,2023-02-22,2023-07-29,Closed Won,100,48167,0.09
OPP-01621,5,20,14,2023-04-24,2023-09-24,Prospecting,25,48496,0.02
OPP-01622,9,73,18,2024-01-26,2024-07-24,Proposal,75,2553,0.18
OPP-01623,11,4,6,2024-07-01,2024-11-13,Closed Lost,0,71532,0.16
OPP-01624,13,80,4,2024-09-15,2024-09-30,Proposal,25,65408,0.07
OPP-01625,4,2,2,2024-06-25,2024-11-16,Proposal,50,77328,0.17
OPP-01626,3,50,3,2023-12-22,2024-01-09,Negotiation,25,8332,0.19
OPP-01627,13,22,11,2023-06-30,2023-11-28,Prospecting,25,8755,0.13
OPP-01628,9,64,15,2023-08-29,2023-12-15,Negotiation,25,9477,0.2
OPP-01629,9,8,7,2024-04-21,2024-08-27,Prospecting,25,55494,0.11
OPP-01630,8,74,18,2024-07-12,2024-10-27,Negotiation,90,7659,0.17
OPP-01631,3,17,2,2023-08-27,2024-02-10,Qualification,25,9666,0.17
OPP-01632,3,53,19,2024-02-04,2024-07-13,Closed Lost,0,8676,0.06
OPP-01633,15,51,16,2023-05-25,2023-10-15,Closed Won,100,49340,0.01
OPP-01634,12,57,10,2023-10-24,2023-12-25,Qualification,50,7420,0.01
OPP-01635,9,26,14,2023-04-14,2023-05-01,Proposal,25,36372,0.17
OPP-01636,12,20,4,2023-05-25,2023-09-24,Prospecting,75,49056,0.06
OPP-01637,15,67,1,2024-05-31,2024-10-07,Qualification,75,16496,0.16
OPP-01638,11,57,4,2023-09-11,2023-12-29,Prospecting,25,16352,0.0
OPP-01639,6,69,14,2024-03-22,2024-09-15,Closed Won,100,54558,0.08
OPP-01640,12,81,10,2023-03-28,2023-07-13,Proposal,50,51940,0.07
OPP-01641,1,66,15,2024-09-09,2024-12-16,Qualification,90,37908,0.1
OPP-01642,7,97,1,2024-07-11,2024-10-04,Negotiation,90,74232,0.0
OPP-01643,8,65,1,2023-11-02,2024-04-11,Qualification,75,16496,0.03
OPP-01644,4,89,16,2023-12-26,2024-04-14,Closed Won,100,9868,0.16
OPP-01645,2,37,14,2024-08-19,2024-09-05,Closed Lost,0,54558,0.03
OPP-01646,10,17,2,2023-04-12,2023-05-18,Proposal,50,96660,0.12
OPP-01647,9,60,3,2023-10-21,2024-04-04,Proposal,10,41660,0.17
OPP-01648,2,57,12,2023-05-19,2023-06-16,Closed Won,100,58698,0.1
OPP-01649,14,24,20,2024-08-26,2025-02-12,Prospecting,75,34530,0.18
OPP-01650,3,93,10,2024-06-05,2024-07-23,Negotiation,75,44520,0.0
OPP-01651,14,13,11,2023-09-22,2023-12-06,Negotiation,10,26265,0.01
OPP-01652,3,90,10,2024-09-06,2024-11-25,Proposal,50,29680,0.02
OPP-01653,1,83,2,2023-05-11,2023-10-07,Prospecting,25,96660,0.1
OPP-01654,9,68,17,2023-06-24,2023-09-25,Closed Lost,0,8913,0.19
OPP-01655,12,92,8,2024-07-25,2024-10-24,Qualification,10,6881,0.16
OPP-01656,12,55,4,2024-06-09,2024-09-19,Proposal,75,32704,0.14
OPP-01657,3,24,14,2023-08-16,2023-11-19,Qualification,50,42434,0.08
OPP-01658,9,30,11,2023-10-05,2024-03-18,Qualification,50,8755,0.02
OPP-01659,4,91,10,2024-08-16,2025-01-07,Proposal,90,37100,0.17
OPP-01660,2,81,5,2023-04-15,2023-06-11,Qualification,75,21560,0.11
OPP-01661,5,17,18,2023-05-09,2023-09-08,Qualification,75,5106,0.2
OPP-01662,9,61,19,2023-02-14,2023-05-22,Negotiation,25,78084,0.08
OPP-01663,15,2,2,2023-08-26,2023-12-30,Proposal,50,28998,0.12
OPP-01664,6,12,15,2024-05-19,2024-07-14,Qualification,75,56862,0.19
OPP-01665,15,9,2,2023-07-14,2024-01-03,Qualification,75,28998,0.14
OPP-01666,5,5,20,2023-04-14,2023-09-14,Closed Won,100,28775,0.07
OPP-01667,2,9,15,2023-07-25,2023-10-17,Qualification,25,28431,0.03
OPP-01668,7,83,2,2023-12-17,2024-05-10,Closed Lost,0,9666,0.2
OPP-01669,14,32,7,2023-08-14,2023-09-06,Closed Lost,0,49328,0.12
OPP-01670,5,21,18,2024-04-13,2024-04-27,Qualification,90,8510,0.08
OPP-01671,15,87,11,2024-04-17,2024-09-20,Closed Won,100,61285,0.05
OPP-01672,6,45,2,2024-03-23,2024-06-01,Closed Won,100,19332,0.16
OPP-01673,15,91,11,2023-03-01,2023-03-21,Negotiation,90,35020,0.2
OPP-01674,6,60,6,2023-12-12,2024-03-19,Proposal,25,55636,0.15
OPP-01675,3,4,10,2023-05-13,2023-06-17,Qualification,90,44520,0.16
OPP-01676,12,67,17,2023-02-01,2023-05-24,Negotiation,75,2971,0.09
OPP-01677,4,73,9,2024-05-23,2024-11-12,Qualification,90,55293,0.19
OPP-01678,1,28,15,2023-01-09,2023-04-22,Qualification,90,37908,0.08
OPP-01679,3,62,12,2023-09-20,2024-01-02,Prospecting,10,78264,0.17
OPP-01680,10,100,16,2023-12-16,2024-02-14,Prospecting,50,24670,0.11
OPP-01681,14,7,9,2023-02-20,2023-04-17,Prospecting,90,63192,0.13
OPP-01682,2,23,3,2024-05-07,2024-10-21,Proposal,90,29162,0.02
OPP-01683,13,68,1,2024-05-10,2024-06-26,Closed Won,100,24744,0.1
OPP-01684,14,30,15,2023-06-07,2023-06-19,Closed Lost,0,56862,0.08
OPP-01685,8,9,16,2024-01-17,2024-03-29,Prospecting,90,4934,0.08
OPP-01686,15,61,5,2023-10-13,2024-01-26,Negotiation,90,13475,0.2
OPP-01687,11,84,17,2024-07-12,2024-09-24,Closed Won,100,29710,0.08
OPP-01688,7,28,15,2023-08-05,2024-01-25,Closed Lost,0,56862,0.17
OPP-01689,12,30,13,2023-07-07,2023-10-31,Closed Won,100,18906,0.01
OPP-01690,10,89,16,2024-09-07,2024-11-06,Proposal,75,34538,0.13
OPP-01691,4,100,18,2023-01-25,2023-05-20,Proposal,75,7659,0.01
OPP-01692,6,83,13,2023-05-17,2023-11-10,Closed Lost,0,28359,0.0
OPP-01693,13,46,6,2023-02-15,2023-04-21,Prospecting,75,79480,0.16
OPP-01694,3,1,11,2024-06-12,2024-07-18,Closed Won,100,8755,0.2
OPP-01695,1,89,17,2023-10-25,2024-03-20,Qualification,90,20797,0.05
OPP-01696,7,100,5,2023-08-18,2024-01-06,Proposal,90,16170,0.06
OPP-01697,8,42,11,2023-03-26,2023-05-03,Closed Won,100,8755,0.15
OPP-01698,14,98,4,2024-09-10,2024-12-27,Proposal,50,8176,0.0
OPP-01699,4,5,15,2023-11-15,2024-01-15,Prospecting,50,37908,0.17
OPP-01700,1,71,12,2023-02-19,2023-05-28,Closed Won,100,97830,0.12
OPP-01701,15,61,9,2023-01-05,2023-04-02,Qualification,90,7899,0.04
OPP-01702,10,22,16,2023-09-28,2024-02-24,Proposal,50,14802,0.14
OPP-01703,7,28,7,2024-01-07,2024-01-19,Negotiation,10,36996,0.0
OPP-01704,2,50,10,2023-08-17,2023-12-27,Proposal,50,22260,0.08
OPP-01705,13,76,9,2024-10-22,2024-12-24,Qualification,25,71091,0.04
OPP-01706,15,43,16,2024-06-09,2024-07-21,Prospecting,25,44406,0.1
OPP-01707,1,31,10,2024-01-27,2024-04-09,Proposal,90,74200,0.19
OPP-01708,12,69,19,2024-03-03,2024-05-04,Proposal,90,17352,0.19
OPP-01709,3,100,8,2024-01-26,2024-05-08,Negotiation,50,48167,0.0
OPP-01710,3,41,11,2024-06-11,2024-09-29,Closed Won,100,87550,0.04
OPP-01711,5,85,14,2024-11-19,2025-03-29,Prospecting,25,60620,0.13
OPP-01712,4,82,1,2023-05-01,2023-06-01,Closed Won,100,49488,0.05
OPP-01713,4,81,10,2023-02-27,2023-03-28,Proposal,25,14840,0.12
OPP-01714,10,30,1,2024-02-13,2024-05-22,Negotiation,75,82480,0.04
OPP-01715,12,46,20,2024-07-02,2024-10-16,Qualification,90,34530,0.11
OPP-01716,4,32,9,2024-06-10,2024-07-20,Qualification,75,39495,0.1
OPP-01717,15,54,1,2024-03-20,2024-08-24,Proposal,90,24744,0.11
OPP-01718,6,29,15,2024-07-27,2024-10-17,Closed Lost,0,56862,0.17
OPP-01719,2,18,17,2024-06-03,2024-07-26,Closed Won,100,23768,0.0
OPP-01720,13,56,9,2023-12-10,2024-01-31,Prospecting,75,39495,0.05
OPP-01721,14,18,8,2024-07-22,2024-09-29,Closed Won,100,41286,0.13
OPP-01722,2,29,20,2023-08-16,2023-09-21,Proposal,50,23020,0.16
OPP-01723,1,25,3,2024-04-22,2024-07-16,Closed Won,100,29162,0.05
OPP-01724,13,35,17,2024-05-02,2024-08-31,Prospecting,75,14855,0.15
OPP-01725,5,48,8,2023-12-22,2024-06-15,Closed Lost,0,27524,0.12
OPP-01726,13,100,1,2024-06-06,2024-10-08,Qualification,75,8248,0.11
OPP-01727,1,90,10,2023-01-30,2023-03-29,Qualification,50,22260,0.13
OPP-01728,12,75,6,2024-03-08,2024-06-18,Closed Won,100,47688,0.0
OPP-01729,4,30,7,2023-10-19,2024-03-04,Negotiation,75,12332,0.04
OPP-01730,7,79,16,2023-12-15,2024-05-25,Qualification,75,4934,0.01
OPP-01731,14,20,4,2023-08-15,2023-11-02,Closed Lost,0,32704,0.01
OPP-01732,8,66,7,2024-09-02,2024-12-03,Proposal,90,24664,0.1
OPP-01733,1,4,6,2023-01-15,2023-02-26,Proposal,50,63584,0.0
OPP-01734,12,71,9,2024-06-11,2024-09-16,Closed Lost,0,78990,0.07
OPP-01735,11,27,7,2023-05-25,2023-09-01,Prospecting,50,55494,0.13
OPP-01736,4,2,5,2024-05-07,2024-08-22,Prospecting,25,13475,0.16
OPP-01737,8,17,10,2024-04-20,2024-09-23,Qualification,75,37100,0.1
OPP-01738,5,82,12,2024-07-18,2024-12-06,Proposal,25,48915,0.02
OPP-01739,12,19,16,2024-02-11,2024-03-03,Negotiation,50,39472,0.19
OPP-01740,1,18,11,2024-03-12,2024-05-18,Negotiation,50,87550,0.2
OPP-01741,9,61,11,2023-08-25,2024-01-01,Closed Won,100,70040,0.06
OPP-01742,11,51,9,2024-09-12,2024-10-07,Prospecting,90,55293,0.02
OPP-01743,8,71,15,2023-09-12,2023-12-19,Qualification,50,94770,0.07
OPP-01744,1,84,13,2023-01-13,2023-04-16,Negotiation,25,28359,0.18
OPP-01745,10,89,20,2023-04-09,2023-06-07,Closed Won,100,57550,0.06
OPP-01746,15,9,2,2023-01-07,2023-01-31,Qualification,25,38664,0.12
OPP-01747,4,2,9,2023-12-09,2024-06-02,Negotiation,25,23697,0.06
OPP-01748,7,29,4,2024-08-13,2024-10-27,Prospecting,75,40880,0.15
OPP-01749,14,34,10,2024-10-29,2024-11-11,Proposal,90,7420,0.11
OPP-01750,1,41,15,2023-02-20,2023-07-05,Closed Lost,0,94770,0.13
OPP-01751,3,26,19,2024-04-21,2024-07-10,Closed Lost,0,26028,0.0
OPP-01752,7,60,5,2024-02-13,2024-02-28,Prospecting,25,13475,0.02
OPP-01753,13,46,14,2024-02-09,2024-05-02,Negotiation,10,24248,0.01
OPP-01754,3,29,1,2023-05-25,2023-06-12,Qualification,75,49488,0.08
OPP-01755,15,67,17,2024-06-15,2024-09-27,Qualification,25,14855,0.1
OPP-01756,8,79,6,2023-05-30,2023-07-09,Qualification,25,79480,0.15
OPP-01757,14,56,14,2024-05-10,2024-06-18,Prospecting,25,48496,0.06
OPP-01758,13,70,3,2023-08-06,2023-12-14,Closed Won,100,16664,0.18
OPP-01759,7,31,16,2023-12-13,2023-12-30,Proposal,75,39472,0.15
OPP-01760,4,6,8,2024-04-28,2024-09-28,Closed Won,100,27524,0.07
OPP-01761,3,17,16,2023-01-20,2023-02-19,Prospecting,75,19736,0.01
OPP-01762,2,79,5,2023-07-26,2023-09-16,Proposal,90,10780,0.01
OPP-01763,6,75,2,2023-08-16,2023-12-12,Proposal,90,48330,0.14
OPP-01764,15,49,5,2024-10-06,2025-01-08,Proposal,75,26950,0.2
OPP-01765,5,35,3,2023-03-22,2023-04-08,Proposal,50,8332,0.13
OPP-01766,10,45,4,2024-10-12,2024-11-17,Negotiation,25,81760,0.03
OPP-01767,11,11,14,2023-01-24,2023-06-08,Prospecting,90,12124,0.15
OPP-01768,10,7,6,2024-02-26,2024-06-13,Proposal,10,31792,0.09
OPP-01769,2,64,3,2024-02-26,2024-03-09,Qualification,50,4166,0.02
OPP-01770,8,17,4,2024-10-13,2025-01-14,Prospecting,50,57232,0.11
OPP-01771,12,39,19,2024-10-24,2024-12-03,Proposal,75,52056,0.08
OPP-01772,7,25,2,2023-07-27,2023-11-28,Negotiation,75,67662,0.01
OPP-01773,10,86,18,2024-04-25,2024-06-21,Closed Won,100,5957,0.1
OPP-01774,6,62,9,2024-07-05,2024-08-20,Prospecting,25,39495,0.11
OPP-01775,9,61,20,2023-01-26,2023-07-14,Closed Lost,0,34530,0.17
OPP-01776,4,54,19,2023-09-03,2024-02-03,Qualification,10,34704,0.06
OPP-01777,13,29,7,2024-05-26,2024-09-04,Proposal,10,24664,0.02
OPP-01778,10,47,17,2023-08-22,2024-01-05,Qualification,10,14855,0.09
OPP-01779,4,11,13,2023-12-17,2024-03-11,Negotiation,25,12604,0.04
OPP-01780,13,14,18,2023-10-02,2024-02-29,Prospecting,90,5957,0.02
OPP-01781,9,57,9,2024-02-07,2024-04-20,Qualification,90,7899,0.08
OPP-01782,6,44,14,2024-10-16,2024-12-21,Qualification,25,42434,0.06
OPP-01783,13,97,20,2024-01-21,2024-05-01,Qualification,25,28775,0.19
OPP-01784,1,92,6,2024-03-20,2024-07-14,Proposal,10,31792,0.08
OPP-01785,10,28,17,2024-05-03,2024-09-16,Negotiation,25,20797,0.0
OPP-01786,10,14,18,2023-06-21,2023-09-20,Closed Won,100,6808,0.09
OPP-01787,14,8,4,2023-09-20,2024-03-12,Prospecting,75,81760,0.12
OPP-01788,10,3,9,2023-06-12,2023-08-08,Prospecting,50,39495,0.01
OPP-01789,8,40,12,2023-03-22,2023-07-08,Proposal,90,19566,0.0
OPP-01790,13,48,16,2023-11-06,2024-03-31,Proposal,50,19736,0.05
OPP-01791,9,49,12,2024-07-09,2024-11-21,Closed Lost,0,39132,0.14
OPP-01792,10,69,20,2024-06-21,2024-07-16,Qualification,75,23020,0.05
OPP-01793,3,29,8,2024-08-24,2024-10-25,Qualification,25,13762,0.06
OPP-01794,14,89,9,2023-05-18,2023-10-30,Proposal,25,31596,0.17
OPP-01795,5,53,17,2023-02-15,2023-04-03,Proposal,50,11884,0.06
OPP-01796,12,48,4,2023-06-01,2023-11-16,Negotiation,10,57232,0.2
OPP-01797,3,34,12,2023-02-06,2023-03-12,Proposal,10,9783,0.08
OPP-01798,12,53,4,2023-08-23,2023-10-12,Negotiation,10,8176,0.03
OPP-01799,3,36,9,2024-07-25,2024-08-16,Closed Won,100,15798,0.02
OPP-01800,4,7,2,2024-01-08,2024-05-30,Negotiation,10,96660,0.17
OPP-01801,4,76,13,2023-11-11,2024-04-24,Proposal,25,12604,0.16
OPP-01802,4,88,2,2023-05-11,2023-06-07,Closed Won,100,9666,0.2
OPP-01803,5,64,2,2023-02-03,2023-03-18,Proposal,75,67662,0.1
OPP-01804,13,63,8,2023-01-22,2023-03-20,Qualification,90,61929,0.11
OPP-01805,3,48,14,2024-06-10,2024-10-25,Closed Won,100,12124,0.16
OPP-01806,2,79,11,2023-02-13,2023-07-18,Qualification,75,26265,0.14
OPP-01807,10,88,6,2024-02-01,2024-04-05,Prospecting,50,31792,0.01
OPP-01808,6,10,16,2023-08-10,2023-11-03,Closed Lost,0,4934,0.14
OPP-01809,2,95,11,2024-01-29,2024-04-22,Closed Lost,0,52530,0.13
OPP-01810,12,13,10,2023-12-30,2024-02-21,Prospecting,50,37100,0.17
OPP-01811,13,5,14,2023-08-13,2024-01-27,Prospecting,75,18186,0.18
OPP-01812,2,4,18,2024-03-16,2024-05-18,Prospecting,75,3404,0.07
OPP-01813,2,53,17,2023-09-01,2023-10-24,Prospecting,25,29710,0.03
OPP-01814,9,30,10,2024-05-19,2024-07-27,Negotiation,25,66780,0.08
OPP-01815,9,49,5,2024-06-05,2024-07-09,Qualification,50,26950,0.19
OPP-01816,10,43,16,2023-12-05,2023-12-15,Prospecting,10,39472,0.17
OPP-01817,6,3,15,2024-01-24,2024-02-21,Prospecting,50,28431,0.07
OPP-01818,7,58,11,2023-05-05,2023-06-07,Closed Won,100,43775,0.2
OPP-01819,6,88,5,2024-02-15,2024-07-26,Prospecting,75,5390,0.01
OPP-01820,8,13,10,2024-01-09,2024-01-27,Closed Lost,0,14840,0.19
OPP-01821,13,18,19,2024-05-27,2024-09-11,Proposal,50,60732,0.03
OPP-01822,14,56,19,2024-10-18,2025-02-05,Closed Lost,0,26028,0.09
OPP-01823,12,53,11,2024-06-12,2024-11-25,Prospecting,10,87550,0.0
OPP-01824,1,55,12,2023-08-31,2023-09-15,Closed Won,100,97830,0.18
OPP-01825,10,29,6,2023-09-20,2023-10-26,Prospecting,25,23844,0.13
OPP-01826,13,72,9,2023-06-10,2023-11-08,Negotiation,50,31596,0.1
OPP-01827,1,64,18,2024-11-04,2024-11-30,Closed Lost,0,1702,0.1
OPP-01828,1,40,1,2024-09-18,2024-12-11,Closed Won,100,65984,0.04
OPP-01829,4,39,20,2024-09-15,2025-01-22,Proposal,90,11510,0.06
OPP-01830,13,38,6,2024-09-08,2025-02-27,Qualification,90,23844,0.15
OPP-01831,2,24,6,2024-11-20,2025-01-18,Qualification,90,31792,0.19
OPP-01832,6,93,1,2023-07-20,2023-07-30,Proposal,50,24744,0.17
OPP-01833,7,41,11,2023-10-15,2024-03-27,Prospecting,50,17510,0.08
OPP-01834,15,98,18,2024-07-15,2025-01-11,Negotiation,50,3404,0.16
OPP-01835,4,11,2,2023-10-19,2024-02-14,Proposal,75,86994,0.1
OPP-01836,1,83,16,2023-11-28,2023-12-31,Negotiation,50,49340,0.06
OPP-01837,15,48,19,2024-02-25,2024-07-27,Proposal,50,26028,0.04
OPP-01838,3,38,8,2024-02-07,2024-05-30,Proposal,50,68810,0.18
OPP-01839,6,72,7,2023-08-26,2024-02-22,Qualification,50,49328,0.01
OPP-01840,4,36,15,2023-02-27,2023-08-06,Closed Won,100,18954,0.08
OPP-01841,13,65,18,2024-03-07,2024-05-10,Closed Won,100,1702,0.18
OPP-01842,8,40,15,2024-04-17,2024-07-25,Prospecting,50,66339,0.02
OPP-01843,12,31,5,2023-06-16,2023-07-03,Prospecting,25,8085,0.19
OPP-01844,7,8,5,2023-03-08,2023-04-25,Proposal,10,21560,0.12
OPP-01845,10,72,8,2024-04-07,2024-06-05,Qualification,10,34405,0.15
OPP-01846,6,54,1,2023-05-14,2023-09-04,Closed Won,100,49488,0.03
OPP-01847,6,45,15,2024-08-28,2025-02-19,Qualification,50,18954,0.08
OPP-01848,3,29,20,2024-01-08,2024-02-07,Negotiation,10,5755,0.12
OPP-01849,12,85,7,2024-05-24,2024-10-01,Prospecting,25,49328,0.11
OPP-01850,11,31,6,2023-08-23,2023-09-07,Closed Won,100,15896,0.11
OPP-01851,1,71,17,2023-07-11,2023-09-28,Negotiation,50,17826,0.05
OPP-01852,6,2,9,2024-09-21,2025-01-01,Qualification,50,7899,0.1
OPP-01853,9,42,17,2024-05-23,2024-08-28,Qualification,50,5942,0.14
OPP-01854,13,76,2,2023-12-02,2023-12-19,Proposal,75,67662,0.01
OPP-01855,8,10,20,2023-05-26,2023-06-07,Negotiation,75,11510,0.1
OPP-01856,9,37,9,2024-02-03,2024-02-20,Prospecting,90,55293,0.16
OPP-01857,10,7,18,2023-07-21,2024-01-10,Closed Lost,0,3404,0.1
OPP-01858,8,73,9,2024-03-24,2024-07-19,Proposal,75,39495,0.16
OPP-01859,12,32,18,2024-05-15,2024-11-08,Prospecting,90,1702,0.1
OPP-01860,15,30,9,2023-02-14,2023-04-28,Prospecting,75,39495,0.06
OPP-01861,4,8,2,2023-03-06,2023-03-24,Qualification,25,9666,0.16
OPP-01862,7,38,10,2024-03-02,2024-07-17,Closed Won,100,44520,0.17
OPP-01863,13,80,14,2023-07-20,2023-08-07,Prospecting,25,36372,0.01
OPP-01864,1,43,14,2024-10-21,2024-11-08,Qualification,90,30310,0.14
OPP-01865,8,81,1,2023-03-04,2023-05-19,Prospecting,75,41240,0.05
OPP-01866,12,71,17,2023-10-17,2023-11-04,Prospecting,50,26739,0.08
OPP-01867,15,76,11,2024-05-19,2024-09-09,Prospecting,25,26265,0.03
OPP-01868,4,36,12,2023-10-08,2024-01-03,Closed Won,100,58698,0.03
OPP-01869,2,86,11,2023-09-21,2023-12-18,Closed Won,100,43775,0.14
OPP-01870,9,57,6,2023-08-11,2023-12-25,Negotiation,90,39740,0.05
OPP-01871,4,91,20,2024-07-24,2024-10-31,Proposal,90,57550,0.08
OPP-01872,7,4,15,2023-04-10,2023-08-20,Prospecting,75,18954,0.07
OPP-01873,7,47,4,2023-12-24,2024-05-25,Proposal,25,65408,0.19
OPP-01874,6,3,1,2023-01-28,2023-05-01,Proposal,75,57736,0.09
OPP-01875,5,96,6,2024-10-08,2025-03-28,Closed Lost,0,71532,0.17
OPP-01876,7,71,19,2024-04-03,2024-09-04,Qualification,10,43380,0.18
OPP-01877,6,95,5,2024-04-25,2024-08-13,Closed Lost,0,5390,0.12
OPP-01878,6,27,18,2023-08-06,2023-12-08,Proposal,90,4255,0.19
OPP-01879,2,3,9,2024-01-24,2024-06-24,Closed Lost,0,55293,0.07
OPP-01880,6,65,13,2024-07-28,2025-01-04,Qualification,25,28359,0.11
OPP-01881,5,89,1,2024-02-27,2024-04-07,Prospecting,10,32992,0.18
OPP-01882,14,28,15,2024-03-06,2024-05-03,Qualification,90,66339,0.11
OPP-01883,7,88,17,2023-07-10,2023-11-20,Prospecting,90,5942,0.09
OPP-01884,10,80,2,2024-04-16,2024-08-10,Prospecting,10,86994,0.06
OPP-01885,2,64,15,2024-07-11,2024-10-15,Prospecting,25,47385,0.17
OPP-01886,13,47,19,2024-08-22,2025-01-27,Qualification,90,60732,0.2
OPP-01887,7,23,2,2023-05-14,2023-10-13,Closed Won,100,57996,0.02
OPP-01888,6,69,2,2023-05-19,2023-07-01,Prospecting,90,57996,0.03
OPP-01889,5,35,16,2023-07-19,2023-12-31,Negotiation,25,4934,0.01
OPP-01890,6,78,7,2024-11-24,2025-03-06,Qualification,10,36996,0.08
OPP-01891,2,49,6,2024-11-27,2025-02-06,Prospecting,25,55636,0.03
OPP-01892,11,40,11,2024-11-23,2025-03-01,Negotiation,25,70040,0.18
OPP-01893,13,85,15,2023-05-08,2023-09-15,Negotiation,75,9477,0.08
OPP-01894,12,60,5,2024-01-27,2024-06-21,Prospecting,50,24255,0.17
OPP-01895,15,74,18,2024-10-16,2025-02-06,Negotiation,50,3404,0.09
OPP-01896,10,17,20,2024-09-19,2025-01-13,Proposal,75,11510,0.13
OPP-01897,15,4,9,2023-11-20,2024-03-15,Qualification,50,78990,0.0
OPP-01898,14,51,3,2024-01-07,2024-04-17,Qualification,90,8332,0.08
OPP-01899,6,13,8,2024-03-20,2024-04-11,Prospecting,25,55048,0.1
OPP-01900,11,75,14,2024-03-31,2024-09-26,Negotiation,90,24248,0.03
OPP-01901,3,99,20,2023-03-24,2023-05-29,Proposal,75,46040,0.16
OPP-01902,12,53,19,2024-08-17,2025-02-10,Closed Won,100,86760,0.19
OPP-01903,3,35,15,2023-11-11,2024-05-03,Prospecting,90,47385,0.08
OPP-01904,11,39,17,2024-07-18,2024-08-25,Prospecting,25,5942,0.07
OPP-01905,12,66,3,2023-07-13,2024-01-09,Qualification,10,8332,0.0
OPP-01906,14,2,17,2024-11-10,2025-02-07,Negotiation,75,14855,0.01
OPP-01907,8,77,7,2024-06-22,2024-12-12,Closed Lost,0,49328,0.2
OPP-01908,13,94,17,2023-11-01,2024-04-28,Proposal,90,11884,0.18
OPP-01909,3,48,16,2024-10-27,2025-01-22,Prospecting,10,49340,0.02
OPP-01910,10,6,11,2024-11-06,2025-03-21,Closed Won,100,61285,0.18
OPP-01911,11,10,6,2023-06-16,2023-09-08,Negotiation,90,63584,0.18
OPP-01912,2,97,7,2024-11-11,2025-02-15,Qualification,75,43162,0.0
OPP-01913,14,72,7,2023-10-26,2024-01-24,Closed Lost,0,24664,0.01
OPP-01914,3,37,9,2024-06-06,2024-08-24,Closed Lost,0,39495,0.11
OPP-01915,2,69,16,2023-03-18,2023-05-18,Prospecting,75,9868,0.15
OPP-01916,14,30,4,2023-03-07,2023-08-15,Prospecting,10,8176,0.09
OPP-01917,2,7,2,2023-05-12,2023-07-10,Closed Lost,0,19332,0.1
OPP-01918,9,3,2,2024-01-11,2024-03-27,Proposal,75,48330,0.2
OPP-01919,9,27,8,2023-11-28,2024-05-13,Closed Lost,0,48167,0.15
OPP-01920,5,47,3,2023-03-13,2023-04-18,Closed Won,100,33328,0.09
OPP-01921,2,84,13,2023-05-01,2023-08-18,Negotiation,25,28359,0.16
OPP-01922,15,36,5,2023-03-14,2023-06-18,Negotiation,50,21560,0.13
OPP-01923,14,91,18,2023-04-29,2023-06-14,Qualification,25,851,0.07
OPP-01924,13,93,5,2024-02-02,2024-06-14,Prospecting,75,2695,0.17
OPP-01925,10,55,12,2023-01-27,2023-05-21,Prospecting,25,19566,0.14
OPP-01926,10,68,16,2023-09-16,2023-10-11,Prospecting,10,4934,0.05
OPP-01927,14,50,16,2023-04-25,2023-06-02,Qualification,25,44406,0.08
OPP-01928,5,73,18,2024-03-16,2024-04-02,Prospecting,90,1702,0.15
OPP-01929,11,80,5,2024-10-05,2024-12-04,Qualification,90,13475,0.0
OPP-01930,14,6,10,2024-02-12,2024-05-14,Closed Won,100,74200,0.14
OPP-01931,11,27,5,2024-03-12,2024-04-15,Prospecting,50,26950,0.07
OPP-01932,9,55,13,2024-04-08,2024-07-12,Prospecting,10,9453,0.07
OPP-01933,4,94,14,2023-04-19,2023-07-16,Qualification,25,60620,0.0
OPP-01934,11,88,7,2023-09-15,2023-10-11,Closed Lost,0,30830,0.16
OPP-01935,8,49,2,2023-11-23,2023-12-25,Closed Won,100,19332,0.07
OPP-01936,8,17,2,2024-08-09,2024-10-28,Negotiation,75,19332,0.08
OPP-01937,14,10,14,2024-09-11,2025-01-08,Closed Won,100,60620,0.19
OPP-01938,10,18,11,2023-05-16,2023-08-11,Prospecting,10,52530,0.13
OPP-01939,3,55,3,2024-06-13,2024-11-14,Closed Won,100,20830,0.05
OPP-01940,8,44,19,2024-04-04,2024-05-19,Proposal,50,69408,0.2
OPP-01941,12,34,10,2023-06-16,2023-07-08,Qualification,90,44520,0.15
OPP-01942,12,57,9,2023-01-17,2023-02-13,Qualification,25,47394,0.03
OPP-01943,3,3,1,2023-06-04,2023-10-05,Negotiation,10,41240,0.06
OPP-01944,10,75,11,2023-04-04,2023-07-01,Prospecting,90,43775,0.19
OPP-01945,15,87,13,2024-07-31,2024-10-23,Qualification,90,15755,0.07
OPP-01946,6,68,11,2023-07-05,2023-08-14,Prospecting,50,26265,0.17
OPP-01947,6,92,13,2024-10-16,2024-12-05,Proposal,75,12604,0.02
OPP-01948,10,55,18,2023-05-18,2023-06-22,Prospecting,75,1702,0.19
OPP-01949,12,92,11,2024-07-18,2024-09-20,Closed Lost,0,61285,0.18
OPP-01950,12,99,5,2023-04-26,2023-09-13,Qualification,25,18865,0.13
OPP-01951,4,37,9,2024-08-19,2025-01-06,Qualification,90,31596,0.14
OPP-01952,13,97,19,2024-01-31,2024-04-03,Qualification,90,43380,0.18
OPP-01953,1,42,5,2024-06-09,2024-09-21,Prospecting,10,2695,0.06
OPP-01954,9,46,10,2023-08-18,2023-12-27,Negotiation,90,59360,0.18
OPP-01955,12,9,6,2024-03-28,2024-05-14,Negotiation,75,55636,0.1
OPP-01956,2,93,19,2023-01-23,2023-04-13,Prospecting,25,69408,0.11
OPP-01957,8,72,14,2024-04-23,2024-06-13,Closed Won,100,30310,0.02
OPP-01958,15,21,5,2023-04-24,2023-08-26,Prospecting,10,18865,0.02
OPP-01959,11,87,1,2023-11-11,2024-04-07,Qualification,10,49488,0.15
OPP-01960,6,43,6,2023-02-19,2023-08-09,Proposal,75,71532,0.11
OPP-01961,12,79,4,2024-03-13,2024-07-25,Negotiation,25,24528,0.01
OPP-01962,2,88,11,2023-02-24,2023-03-22,Qualification,90,70040,0.15
OPP-01963,12,72,4,2024-02-18,2024-06-11,Closed Lost,0,49056,0.14
OPP-01964,3,34,1,2024-11-05,2024-11-17,Negotiation,90,32992,0.17
OPP-01965,8,16,16,2023-10-01,2024-01-08,Prospecting,50,19736,0.05
OPP-01966,6,93,15,2024-09-25,2024-11-05,Prospecting,75,47385,0.07
OPP-01967,5,22,11,2024-10-26,2024-12-11,Prospecting,90,26265,0.02
OPP-01968,3,96,12,2023-01-27,2023-07-11,Prospecting,50,88047,0.08
OPP-01969,10,4,19,2024-06-10,2024-09-30,Closed Won,100,34704,0.18
OPP-01970,4,53,8,2023-08-11,2023-12-01,Qualification,10,41286,0.17
OPP-01971,13,16,13,2023-05-25,2023-08-19,Qualification,10,28359,0.16
OPP-01972,2,95,16,2024-01-27,2024-06-16,Negotiation,10,29604,0.18
OPP-01973,15,47,20,2024-09-08,2024-12-28,Prospecting,75,51795,0.03
OPP-01974,11,4,3,2024-04-15,2024-09-09,Qualification,25,24996,0.06
OPP-01975,14,2,20,2023-07-27,2023-10-24,Proposal,75,11510,0.1
OPP-01976,2,56,18,2024-03-06,2024-07-31,Closed Lost,0,6808,0.07
OPP-01977,7,6,13,2023-12-23,2024-06-04,Closed Won,100,3151,0.12
OPP-01978,2,99,19,2023-08-07,2023-08-22,Prospecting,90,26028,0.05
OPP-01979,3,65,9,2023-02-03,2023-03-22,Proposal,25,39495,0.15
OPP-01980,13,32,2,2023-12-21,2024-05-18,Prospecting,75,38664,0.16
OPP-01981,15,76,14,2024-03-12,2024-05-02,Proposal,50,6062,0.0
OPP-01982,15,56,7,2023-03-29,2023-09-10,Proposal,50,61660,0.14
OPP-01983,1,69,5,2024-03-22,2024-07-04,Proposal,75,21560,0.15
OPP-01984,6,4,20,2023-09-11,2024-01-24,Qualification,25,51795,0.04
OPP-01985,1,94,7,2023-04-28,2023-09-05,Proposal,90,49328,0.14
OPP-01986,9,95,18,2024-03-11,2024-05-29,Prospecting,90,7659,0.18
OPP-01987,7,39,14,2024-09-23,2024-11-04,Closed Lost,0,36372,0.08
OPP-01988,6,32,4,2023-04-30,2023-07-10,Closed Won,100,73584,0.12
OPP-01989,15,80,5,2023-12-20,2024-03-29,Qualification,10,2695,0.04
OPP-01990,10,20,7,2023-01-15,2023-06-22,Proposal,10,6166,0.06
OPP-01991,13,58,2,2024-02-24,2024-04-24,Proposal,75,57996,0.07
OPP-01992,15,54,14,2023-12-22,2024-03-07,Closed Won,100,18186,0.18
OPP-01993,15,65,19,2024-04-06,2024-08-01,Prospecting,90,34704,0.11
OPP-01994,3,99,18,2023-05-17,2023-08-05,Prospecting,90,5106,0.12
OPP-01995,5,8,13,2024-11-17,2025-01-16,Qualification,10,25208,0.02
OPP-01996,2,30,16,2023-08-24,2023-12-23,Prospecting,25,24670,0.05
OPP-01997,13,84,5,2023-09-07,2024-02-18,Closed Won,100,13475,0.04
OPP-01998,11,3,4,2024-02-16,2024-05-24,Negotiation,75,32704,0.16
OPP-01999,1,65,14,2023-05-31,2023-10-25,Closed Lost,0,48496,0.16
OPP-02000,10,23,6,2024-02-26,2024-03-23,Proposal,75,71532,0.2
